tipologia_di_configurazione,denominazione_comunità,potenza_totale_kw,numero_impianti,numero_utenze,comune,provincia,regione,latitudine,longitudine,area_convenzionale,ragione_sociale_gdr,data_di_aggiornamento
Comunità energetica rinnovabile,COMUNITÀ ENERGIA RINNOVABILE SICIL FUTURA,396.76,2,8,ACATE,RAGUSA,SICILIA,36.98353105,14.4852299,AC001E01755,e-distribuzione S.p.A.,2025-12-31
Comunità energetica rinnovabile,ELIOS CER SICILIA,39.0,7,18,RAGUSA,RAGUSA,SICILIA,36.9969,14.8435,AC001E01753,e-distribuzione S.p.A.,2025-12-31
Comunità energetica rinnovabile,COMUNITA' ENERGETICA RINNOVABILE ARCHIMEDES,15.44,3,8,SIRACUSA,SIRACUSA,SICILIA,37.0147127,15.2718027,AC001E01782,e-distribuzione S.p.A.,2025-12-31
Comunità energetica rinnovabile,COMUNITA' ENERGETICA ENPAL,5.0,1,2,SIRACUSA,SIRACUSA,SICILIA,37.0343,15.2644,AC001E01782,e-distribuzione S.p.A.,2025-12-31
Comunità energetica rinnovabile,COMUNITÀ DI ENERGIA RINNOVABILE CASE BIDDINI,165.0,1,3,ACATE,RAGUSA,SICILIA,37.0534646458446,14.5226919651031,AC001E01751,e-distribuzione S.p.A.,2025-12-31
Comunità energetica rinnovabile,ASSOCIAZIONE  INNOVAZIONE  CER,10.1,2,2,MAZZARRONE,CATANIA,SICILIA,37.089995521628,14.565256114381,AC001E01754,e-distribuzione S.p.A.,2025-12-31
Comunità energetica rinnovabile,COMUNITA' ENERGETICA RINNOVABILE ZONA SICILIA,6.0,1,3,SIRACUSA,SIRACUSA,SICILIA,37.091788452627,15.277439269832,AC001E01784,e-distribuzione S.p.A.,2025-12-31
Comunità energetica rinnovabile,COMUNITA' ENERGETICA RINNOVABILE ARCHIMEDES,4.5,1,6,SIRACUSA,SIRACUSA,SICILIA,37.0946396,15.26529555,AC001E01783,e-distribuzione S.p.A.,2025-12-31
Comunità energetica rinnovabile,COMUNITÀ ENERGETICA RINNOVABILE ARCHIMEDE ETS,16.2,3,3,SIRACUSA,SIRACUSA,SICILIA,37.0947,15.2655,AC001E01783,e-distribuzione S.p.A.,2025-12-31
Comunità energetica rinnovabile,ASSOCIAZIONELUCE COMUNITA'ENERGETICA,10.84,2,7,SIRACUSA,SIRACUSA,SICILIA,37.0974,15.2629,AC001E01783,e-distribuzione S.p.A.,2025-12-31
Comunità energetica rinnovabile,COMUNITA' ENERGETICA RINNOVABILE ZONA SICILIA,6.0,1,2,SIRACUSA,SIRACUSA,SICILIA,37.097662951377,15.266588225619,AC001E01783,e-distribuzione S.p.A.,2025-12-31
Comunità energetica rinnovabile,COMUNITA' ENERGETICA RINNOVABILE ZONA SICILIA,6.0,1,3,LICATA,AGRIGENTO,SICILIA,37.098,13.9295,AC001E01707,e-distribuzione S.p.A.,2025-12-31
Comunità energetica rinnovabile,COMUNITA' ENERGETICA RINNOVABILE COMMON LIGHT,20.16,1,4,FERLA,SIRACUSA,SICILIA,37.1185,14.9411,AC001E01778,e-distribuzione S.p.A.,2025-12-31
Comunità energetica rinnovabile,COMUNITA' ENERGETICA RINNOVABILE ZONA SICILIA,6.0,1,2,CAMPOBELLO DI LICATA,AGRIGENTO,SICILIA,37.23679565,13.9209983,AC001E01709,e-distribuzione S.p.A.,2025-12-31
Comunità energetica rinnovabile,COMUNITA' ENERGETICA RINNOVABILE ZONA SICILIA,20.0,1,2,RAVANUSA,AGRIGENTO,SICILIA,37.2421,13.9763,AC001E01709,e-distribuzione S.p.A.,2025-12-31
Comunità energetica rinnovabile,COMUNITA' ENERGETICA RINNOVABILE ZONA SICILIA,41.99,4,10,CAMPOBELLO DI LICATA,AGRIGENTO,SICILIA,37.2538,13.9193,AC001E01709,e-distribuzione S.p.A.,2025-12-31
Comunità energetica rinnovabile,COMUNITA' ENERGETICA RINNOVABILE ZONA SICILIA,19.8,1,3,CAMPOBELLO DI LICATA,AGRIGENTO,SICILIA,37.2595,13.921,AC001E01709,e-distribuzione S.p.A.,2025-12-31
Comunità energetica rinnovabile,COMUNITA' ENERGETICA RINNOVABILE ZONA SICILIA,6.0,1,2,RAVANUSA,AGRIGENTO,SICILIA,37.2666,13.9683,AC001E01709,e-distribuzione S.p.A.,2025-12-31
Comunità energetica rinnovabile,COMUNITA' ENERGETICA RINNOVABILE ZONA SICILIA,6.0,1,2,RAVANUSA,AGRIGENTO,SICILIA,37.2708,13.97,AC001E01709,e-distribuzione S.p.A.,2025-12-31
Comunità energetica rinnovabile,ASSOCIAZIONE COMUNITÀ ENERGETICA CER BRUCOLI,12.0,2,10,AUGUSTA,SIRACUSA,SICILIA,37.2869,15.1985,AC001E01780,e-distribuzione S.p.A.,2025-12-31
Comunità energetica rinnovabile,COMUNITA' ENERGETICA RINNOVABILE ZONA SICILIA,6.0,1,2,SOMMATINO,CALTANISSETTA,SICILIA,37.334022840145,13.995010158217,AC001E01709,e-distribuzione S.p.A.,2025-12-31
Comunità energetica rinnovabile,COMUNITA' ENERGETICA RINNOVABILE ZONA SICILIA,5.0,1,3,SOMMATINO,CALTANISSETTA,SICILIA,37.3352542,13.99763625,AC001E01709,e-distribuzione S.p.A.,2025-12-31
Comunità energetica rinnovabile,COMUNITA' ENERGETICA RINNOVABILE ZONA SICILIA,6.0,1,3,SOMMATINO,CALTANISSETTA,SICILIA,37.336425612372,13.993304294531,AC001E01709,e-distribuzione S.p.A.,2025-12-31
Comunità energetica rinnovabile,CER ENERGIA SOLIDALE SOC. COOP. A.R.L.,995.69,10,18,FAVARA,AGRIGENTO,SICILIA,37.341694519875,13.675500479935,AC001E01712,e-distribuzione S.p.A.,2025-12-31
Comunità energetica rinnovabile,ASSOCIAZIONE COMUNITA' ENERGETICA RINNOVABILE E-CER ETS,26.0,2,4,CANICATTI',AGRIGENTO,SICILIA,37.3443,13.8704,AC001E01713,e-distribuzione S.p.A.,2025-12-31
Comunità energetica rinnovabile,COMUNITA' ENERGETICA RINNOVABILE ZONA SICILIA,6.0,1,2,CANICATTI',AGRIGENTO,SICILIA,37.34873,13.77324,AC001E01760,e-distribuzione S.p.A.,2025-12-31
Comunità energetica rinnovabile,COMUNITA' ENERGETICA RINNOVABILE ZONA SICILIA,6.0,1,3,CANICATTI',AGRIGENTO,SICILIA,37.3613,13.8606,AC001E01763,e-distribuzione S.p.A.,2025-12-31
Comunità energetica rinnovabile,COMUNITA' ENERGETICA RINNOVABILE ZONA SICILIA,19.8,1,4,CANICATTI',AGRIGENTO,SICILIA,37.3762,13.862,AC001E01763,e-distribuzione S.p.A.,2025-12-31
Comunità energetica rinnovabile,COMUNITÀ ENERGETICA RIDARE SOCIETÀ COOPERATIVA DI COMUNITÀ IMPRESA SOCIALE,50.0,1,6,RAFFADALI,AGRIGENTO,SICILIA,37.404,13.5314,AC001E01711,e-distribuzione S.p.A.,2025-12-31
Comunità energetica rinnovabile,INSPIRE ENERGY COMMUNITY SICILIA,5.0,1,2,AIDONE,ENNA,SICILIA,37.4074,14.4712,AC001E01819,e-distribuzione S.p.A.,2025-12-31
Comunità energetica rinnovabile,COMUNITA' ENERGETICA RINNOVABILE ZONA SICILIA,10.0,1,3,CALTANISSETTA,CALTANISSETTA,SICILIA,37.4202,13.9167,AC001E01763,e-distribuzione S.p.A.,2025-12-31
Comunità energetica rinnovabile,COMUNITÀ ENERGETICA RINNOVABILE ARAGONA,400.0,1,2,ARAGONA,AGRIGENTO,SICILIA,37.42102,13.6057,AC001E01712,e-distribuzione S.p.A.,2025-12-31
Comunità energetica rinnovabile,FONDAZIONE DI PARTECIPAZIONE CER ITALIA,148.53,2,14,CATTOLICA ERACLEA,AGRIGENTO,SICILIA,37.45861265,13.4004135,AC001E01702,e-distribuzione S.p.A.,2025-12-31
Comunità energetica rinnovabile,ELIOS CER SICILIA,6.0,1,16,CALTANISSETTA,CALTANISSETTA,SICILIA,37.4723,14.0642,AC001E01764,e-distribuzione S.p.A.,2025-12-31
Comunità energetica rinnovabile,COMUNITA' ENERGETICA RINNOVABILE ZONA SICILIA,3.52,1,2,CALTANISSETTA,CALTANISSETTA,SICILIA,37.485051004908,14.046075918733,AC001E01764,e-distribuzione S.p.A.,2025-12-31
Comunità energetica rinnovabile,COMUNITA' ENERGETICA RINNOVABILE ZONA SICILIA,6.0,1,3,CALTANISSETTA,CALTANISSETTA,SICILIA,37.497722305124,14.059623672655,AC001E01764,e-distribuzione S.p.A.,2025-12-31
Comunità energetica rinnovabile,ASSOCIAZIONE COMUNITÀ ENERGETICA RINNOVABILE CER SIELI,9.0,2,6,MOTTA SANT'ANASTASIA,CATANIA,SICILIA,37.5173,14.9645,AC001E01789,e-distribuzione S.p.A.,2025-12-31
Comunità energetica rinnovabile,ELIOS CER SICILIA,6.0,1,4,CATANIA,CATANIA,SICILIA,37.5200579,15.09886585,AC001E01792,e-distribuzione S.p.A.,2025-12-31
Comunità energetica rinnovabile,ELIOS CER SICILIA,6.0,1,19,MISTERBIANCO,CATANIA,SICILIA,37.5224,14.9999,AC001E01789,e-distribuzione S.p.A.,2025-12-31
Comunità energetica rinnovabile,ASSOCIAZIONE CER SICILIA,34.58,3,2,SAN BIAGIO PLATANI,AGRIGENTO,SICILIA,37.5277,13.5195,AC001E01716,e-distribuzione S.p.A.,2025-12-31
Comunità energetica rinnovabile,ASSOCIAZIONE COMUNITÀ ENERGETICA RINNOVABILE CER SIMETO,50.0,1,1,PATERNO',CATANIA,SICILIA,37.537,14.8909,AC001E01767,e-distribuzione S.p.A.,2025-12-31
Comunità energetica rinnovabile,ELIOS CER SICILIA,18.0,3,10,SAN GREGORIO DI CATANIA,CATANIA,SICILIA,37.5551,15.0981,AC001E01795,e-distribuzione S.p.A.,2025-12-31
Comunità energetica rinnovabile,ELIOS CER SICILIA,12.0,2,13,BELPASSO,CATANIA,SICILIA,37.5635,14.9277,AC001E01794,e-distribuzione S.p.A.,2025-12-31
Comunità energetica rinnovabile,ELIOS CER SICILIA,6.0,1,7,ACI CASTELLO,CATANIA,SICILIA,37.5643,15.1399,AC001E01796,e-distribuzione S.p.A.,2025-12-31
Comunità energetica rinnovabile,ELIOS CER SICILIA,17.95,3,20,PATERNO',CATANIA,SICILIA,37.5686,14.9131,AC001E01772,e-distribuzione S.p.A.,2025-12-31
Comunità energetica rinnovabile,SOLAIR COMUNITA' ENERGETICA RINNOVABILE,12.0,2,2,VALVERDE (CT),CATANIA,SICILIA,37.5799,15.1165,AC001E01803,e-distribuzione S.p.A.,2025-12-31
Comunità energetica rinnovabile,COMUNITA' ENERGETICA RINNOVABILE ZONA SICILIA,6.0,1,3,VILLAROSA,ENNA,SICILIA,37.587300835916,14.172698815434,AC001E01762,e-distribuzione S.p.A.,2025-12-31
Comunità energetica rinnovabile,ASSOCIAZIONE COMUNITÀ ENERGETICA RINNOVABILE CER STELLA ARAGONA,18.0,3,8,BELPASSO,CATANIA,SICILIA,37.5895,14.9749,AC001E01794,e-distribuzione S.p.A.,2025-12-31
Comunità energetica rinnovabile,ELIOS CER SICILIA,53.57,10,32,PEDARA,CATANIA,SICILIA,37.6156,15.0628,AC001E01803,e-distribuzione S.p.A.,2025-12-31
Comunità energetica rinnovabile,ELIOS CER SICILIA,12.0,2,4,VILLAROSA,ENNA,SICILIA,37.6289,14.1913,AC001E01762,e-distribuzione S.p.A.,2025-12-31
Comunità energetica rinnovabile,COMUNITA' ENERGETICA RINNOVABILE ZONA SICILIA,6.0,1,3,SAN GIOVANNI GEMINI,AGRIGENTO,SICILIA,37.6307,13.6514,AC001E01715,e-distribuzione S.p.A.,2025-12-31
Comunità energetica rinnovabile,COMUNITA' ENERGETICA RINNOVABILE ZONA SICILIA,6.0,1,2,SAN GIOVANNI GEMINI,AGRIGENTO,SICILIA,37.6307,13.6514,AC001E01715,e-distribuzione S.p.A.,2025-12-31
Comunità energetica rinnovabile,ELIOS CER SICILIA,35.92,5,12,PEDARA,CATANIA,SICILIA,37.641,15.0598,AC001E01801,e-distribuzione S.p.A.,2025-12-31
Comunità energetica rinnovabile,ASSOCIAZIONE COMUNITÀ ENERGETICA RINNOVABILE CER ETNA,26.0,4,8,RAGALNA,CATANIA,SICILIA,37.645990244476,14.943910996838,AC001E01772,e-distribuzione S.p.A.,2025-12-31
Comunità energetica rinnovabile,CER A29 SICILIA,10.0,1,2,MAZARA DEL VALLO,TRAPANI,SICILIA,37.6694,12.6126,AC001E01700,e-distribuzione S.p.A.,2025-12-31
Comunità energetica rinnovabile,COMUNITA' ENERGETICA RINNOVABILE PARCE,39.76,3,6,PARTANNA,TRAPANI,SICILIA,37.7214,12.8916,AC001E01704,e-distribuzione S.p.A.,2025-12-31
Comunità energetica rinnovabile,ELIOS CER SICILIA,5.1,1,10,MASCALI,CATANIA,SICILIA,37.7534,15.2066,AC001E01804,e-distribuzione S.p.A.,2025-12-31
Comunità energetica rinnovabile,COMUNITA' ENERGETICA RINNOVABILE ETNEA,6.0,1,30,MASCALI,CATANIA,SICILIA,37.7588,15.1879,AC001E01804,e-distribuzione S.p.A.,2025-12-31
Comunità energetica rinnovabile,ENERGIE D'ALTA QUOTA SCRL,5.0,1,6,PETRALIA SOTTANA,PALERMO,SICILIA,37.793854105,14.07706572,AC001E01825,e-distribuzione S.p.A.,2025-12-31
Comunità energetica rinnovabile,VIA STRUPPA 23,24.92,2,6,MARSALA,TRAPANI,SICILIA,37.8033,12.4367,AC001E01723,e-distribuzione S.p.A.,2025-12-31
Comunità energetica rinnovabile,CASTELLANA SOSTENIBILE,3.0,1,4,POLIZZI GENEROSA,PALERMO,SICILIA,37.8097,14.0129,AC001E01826,e-distribuzione S.p.A.,2025-12-31
Comunità energetica rinnovabile,COMUNITÀ ENERGETICA RINNOVABILE PROGETTAZIONE SOSTENIBILE,19.92,1,10,SALEMI,TRAPANI,SICILIA,37.8398,12.7749,AC001E01725,e-distribuzione S.p.A.,2025-12-31
Comunità energetica rinnovabile,COMUNITÀ ENERGETICA RINNOVABILE EGLE Ente del Terzo Settore,6.02,1,19,MONTEMAGGIORE BELSITO,PALERMO,SICILIA,37.8488162569,13.762986526714,AC001E01719,e-distribuzione S.p.A.,2025-12-31
Comunità energetica rinnovabile,ELIOS CER SICILIA,12.0,2,10,MANIACE,CATANIA,SICILIA,37.8584,14.8089,AC001E01773,e-distribuzione S.p.A.,2025-12-31
Comunità energetica rinnovabile,ELIOS CER SICILIA,11.95,2,12,CASTIGLIONE DI SICILIA,CATANIA,SICILIA,37.8664,15.0733,AC001E01806,e-distribuzione S.p.A.,2025-12-31
Comunità energetica rinnovabile,COMUNITÀ ENERGETICA RINNOVABILE PALERMO EST,999.8,1,45,ALCAMO,TRAPANI,SICILIA,37.9272,12.9789,AC001E01728,e-distribuzione S.p.A.,2025-12-31
Comunità energetica rinnovabile,ASSOCIAZIONE GREENBARCER,8.0,1,2,LIMINA,MESSINA,SICILIA,37.9397,15.2714,AC001E01799,e-distribuzione S.p.A.,2025-12-31
Comunità energetica rinnovabile,COMUNITÀ ENERGETICA RINNOVABILE PALERMO EST,1410.0,2,2,BUSETO PALIZZOLO,TRAPANI,SICILIA,37.9465,12.7838,AC001E01729,e-distribuzione S.p.A.,2025-12-31
Comunità energetica rinnovabile,ASSOCIAZIONE GREENBARCER,3.0,1,2,SANTA TERESA DI RIVA,MESSINA,SICILIA,37.94863539448,15.365960891335,AC001E01797,e-distribuzione S.p.A.,2025-12-31
Comunità energetica rinnovabile,ASSOCIAZIONE BLU CER,300.0,1,16,ALCAMO,TRAPANI,SICILIA,37.964580051797,12.943986399206,AC001E01728,e-distribuzione S.p.A.,2025-12-31
Comunità energetica rinnovabile,COMUNITÀ ENERGETICA RINNOVABILE PALERMO EST,999.9,1,2,PARTINICO,PALERMO,SICILIA,38.0156,12.9998,AC001E01727,e-distribuzione S.p.A.,2025-12-31
Comunità energetica rinnovabile,ELIOS CER SICILIA,3.0,1,4,REGGIO DI CALABRIA,REGGIO DI CALABRIA,CALABRIA,38.0188,15.6512,AC001E00002,e-distribuzione S.p.A.,2025-12-31
Comunità energetica rinnovabile,COMUNITA' ENERGETICA RINNOVABILE SICANIA GREEN ENERGY,36.0,4,9,SANT'AGATA DI MILITELLO,MESSINA,SICILIA,38.0207,14.7041,AC001E01808,e-distribuzione S.p.A.,2025-12-31
Comunità energetica rinnovabile,NEBRODI CER SOC. COOP.,6.0,1,3,LONGI,MESSINA,SICILIA,38.026,14.7516,AC001E01808,e-distribuzione S.p.A.,2025-12-31
Comunità energetica rinnovabile,COMUNITÀ ENERGETICA RINNOVABILE PALERMO EST,36.8,2,3,ALTAVILLA MILICIA,PALERMO,SICILIA,38.03308018,13.54833139,AC001E01736,e-distribuzione S.p.A.,2025-12-31
Comunità energetica rinnovabile,ELIOS CER SICILIA,23.85,4,19,SCALETTA ZANCLEA,MESSINA,SICILIA,38.0485,15.4682,AC001E01797,e-distribuzione S.p.A.,2025-12-31
Comunità energetica rinnovabile,COMUNITA' ENERGETICA RINNOVABILE CER ZONA CALABRIA,5.0,1,3,REGGIO DI CALABRIA,REGGIO DI CALABRIA,CALABRIA,38.0527,15.6724,AC001E00004,e-distribuzione S.p.A.,2025-12-31
Comunità energetica rinnovabile,COMUNITA' ENERGETICA RINNOVABILE NEBRODI RACCUJA,5.58,1,9,RACCUJA,MESSINA,SICILIA,38.0564,14.9091,AC001E01809,e-distribuzione S.p.A.,2025-12-31
Comunità energetica rinnovabile,COMUNITA' ENERGETICA RINNOVABILE CER ZONA CALABRIA,6.0,1,3,REGGIO DI CALABRIA,REGGIO DI CALABRIA,CALABRIA,38.0594,15.6752,AC001E00004,e-distribuzione S.p.A.,2025-12-31
Comunità energetica rinnovabile,COMUNITA' ENERGETICA RINNOVABILE SICANIA GREEN ENERGY,110.0,2,10,SAN PIERO PATTI,MESSINA,SICILIA,38.064796526087,14.972873249261,AC001E01809,e-distribuzione S.p.A.,2025-12-31
Comunità energetica rinnovabile,COMUNITÀ ENERGETICA RINNOVABILE PALERMO EST,710.0,2,12,PALERMO,PALERMO,SICILIA,38.0785,13.4265,AC001E01737,e-distribuzione S.p.A.,2025-12-31
Comunità energetica rinnovabile,ASSOCIAZIONE COMUNITA' ENERGETICA RINNOVABILE E-CER ETS,4.5,1,4,PALERMO,PALERMO,SICILIA,38.0969,13.3225,AC001E01735,e-distribuzione S.p.A.,2025-12-31
Comunità energetica rinnovabile,ASSOCIAZIONE GREENBARCER,6.0,1,2,FURNARI,MESSINA,SICILIA,38.1254,15.1157,AC001E01813,e-distribuzione S.p.A.,2025-12-31
Comunità energetica rinnovabile,COMUNITA' ENERGETICA RINNOVABILE SICANIA GREEN ENERGY,6.0,1,2,FURNARI,MESSINA,SICILIA,38.127777058691,15.117765523082,AC001E01813,e-distribuzione S.p.A.,2025-12-31
Comunità energetica rinnovabile,ENERGY NETWORK,6.0,1,2,MONTAGNAREALE,MESSINA,SICILIA,38.140362039918,14.950779667254,AC001E01818,e-distribuzione S.p.A.,2025-12-31
Comunità energetica rinnovabile,COMUNITA' ENERGETICA RINNOVABILE SICANIA GREEN ENERGY,31.8,3,34,CAPO D'ORLANDO,MESSINA,SICILIA,38.14630800166,14.730736530631,AC001E01811,e-distribuzione S.p.A.,2025-12-31
Comunità energetica rinnovabile,ASSOCIAZIONE COMUNITÀ ENERGETICA RINNOVABILE MILAZZO,19.92,1,7,BARCELLONA POZZO DI GOTTO,MESSINA,SICILIA,38.1505,15.2221,AC001E01815,e-distribuzione S.p.A.,2025-12-31
Comunità energetica rinnovabile,ASSOCIAZIONE GREENBARCER,6.0,1,3,BARCELLONA POZZO DI GOTTO,MESSINA,SICILIA,38.1534,15.2138,AC001E01815,e-distribuzione S.p.A.,2025-12-31
Comunità energetica rinnovabile,CER AURA,12.0,2,3,BARCELLONA POZZO DI GOTTO,MESSINA,SICILIA,38.1537,15.2265,AC001E01815,e-distribuzione S.p.A.,2025-12-31
Comunità energetica rinnovabile,BROLO-1R SOCIETA' COOPERATIVA,30.45,4,15,BROLO,MESSINA,SICILIA,38.1545,14.8262,AC001E01810,e-distribuzione S.p.A.,2025-12-31
Comunità energetica rinnovabile,COMUNITA' ENERGETICA RINNOVABILE SICANIA GREEN ENERGY,25.8,2,16,BROLO,MESSINA,SICILIA,38.1554,14.8269,AC001E01810,e-distribuzione S.p.A.,2025-12-31
Comunità energetica rinnovabile,COMUNITA' ENERGETICA RINNOVABILE ZONA SICILIA,6.0,1,2,SAN PIER NICETO,MESSINA,SICILIA,38.161778649291,15.346664544843,AC001E01816,e-distribuzione S.p.A.,2025-12-31
Comunità energetica rinnovabile,COMUNITA' ENERGETICA RINNOVABILE ZONA SICILIA,6.0,1,3,MESSINA,MESSINA,SICILIA,38.1675,15.541,AC001E01842,e-distribuzione S.p.A.,2025-12-31
Comunità energetica rinnovabile,C.E.R. HELIANTHUS E043-001,5.0,1,5,GIOIOSA MAREA,MESSINA,SICILIA,38.174171353771,14.895986064754,AC001E01810,e-distribuzione S.p.A.,2025-12-31
Comunità energetica rinnovabile,CER SAPONARA,12.0,1,12,SAPONARA,MESSINA,SICILIA,38.1936,15.4337,AC001E01817,e-distribuzione S.p.A.,2025-12-31
Comunità energetica rinnovabile,COMUNITA ENERGETICA RINNOVABILE DUE MARI,5.0,1,1,PORTIGLIOLA,REGGIO DI CALABRIA,CALABRIA,38.227660343157,16.211036851728,AC001E00013,e-distribuzione S.p.A.,2025-12-31
Comunità energetica rinnovabile,ELIOS CER SICILIA,6.0,1,2,MESSINA,MESSINA,SICILIA,38.2363,15.4776,AC001E01817,e-distribuzione S.p.A.,2025-12-31
Comunità energetica rinnovabile,COMUNITA' ENERGETICA RINNOVABILE ZONA SICILIA,6.0,1,2,MILAZZO,MESSINA,SICILIA,38.2373,15.2411,AC001E01815,e-distribuzione S.p.A.,2025-12-31
Comunità energetica rinnovabile,COMUNITA' ENERGETICA RINNOVABILE ZONA SICILIA,6.0,1,2,MESSINA,MESSINA,SICILIA,38.25237,15.5969,AC001E01845,e-distribuzione S.p.A.,2025-12-31
Comunità energetica rinnovabile,COMUNITA ENERGETICA RINNOVABILE DUE MARI,6.0,1,2,ANTONIMINA,REGGIO DI CALABRIA,CALABRIA,38.255565980464,16.191931795193,AC001E00014,e-distribuzione S.p.A.,2025-12-31
Comunità energetica rinnovabile,ASSOCIAZIONE COMUNITÀ ENERGETICA RINNOVABILE KRONOS,6.0,1,2,ROCCELLA IONICA,REGGIO DI CALABRIA,CALABRIA,38.33933605,16.41737535,AC001E00021,e-distribuzione S.p.A.,2025-12-31
Comunità energetica rinnovabile,ASSOCIAZIONE COMUNITA' ENERGETICA RINNOVABILE NESSUNO E' SOLO - CERNES,25.36,2,10,SAN FERDINANDO,REGGIO DI CALABRIA,CALABRIA,38.492812152603,15.921785084093,AC001E00022,e-distribuzione S.p.A.,2025-12-31
Comunità energetica rinnovabile,COMUNITÀ RINNOVABILE E SOLIDALE CRITARO,66.8,1,30,SAN NICOLA DA CRISSA,VIBO VALENTIA,CALABRIA,38.6623,16.2887,AC001E00028,e-distribuzione S.p.A.,2025-12-31
Comunità energetica rinnovabile,SUN FOR US,6.0,1,2,DRAPIA,VIBO VALENTIA,CALABRIA,38.6648,15.9043,AC001E00024,e-distribuzione S.p.A.,2025-12-31
Comunità energetica rinnovabile,CER ENSIEME GAGLIATO,3.0,1,9,MONTEPAONE,CATANZARO,CALABRIA,38.706265002818,16.525086479506,AC001E00032,e-distribuzione S.p.A.,2025-12-31
Comunità energetica rinnovabile,COMUNITA' ENERGETICA ENPAL,6.0,1,2,CATANZARO,CATANZARO,CALABRIA,38.905244091947,16.593404606261,AC001E00035,e-distribuzione S.p.A.,2025-12-31
Comunità energetica rinnovabile,CER ENSIEME SETTINGIANO,10.0,1,15,TIRIOLO,CATANZARO,CALABRIA,38.91145105,16.5383853,AC001E00038,e-distribuzione S.p.A.,2025-12-31
Comunità energetica rinnovabile,BRILLAILSOLE,28.8,1,7,CATANZARO,CATANZARO,CALABRIA,38.915,16.5832,AC001E00035,e-distribuzione S.p.A.,2025-12-31
Comunità energetica rinnovabile,COMUNITA' ENERGETICA ELIOPOLIS SOCIETA' COOPERATIVA,15.0,1,2,LAMEZIA TERME,CATANZARO,CALABRIA,38.9335,16.227,AC001E00043,e-distribuzione S.p.A.,2025-12-31
Comunità energetica rinnovabile,FONDAZIONE ENERGIE D'INSIEME ETS,99.76,1,8,LAMEZIA TERME,CATANZARO,CALABRIA,38.9396,16.2803,AC001E00043,e-distribuzione S.p.A.,2025-12-31
Comunità energetica rinnovabile,ASSOCIAZIONE ACERO MIGLIERINA,9.8,1,3,MIGLIERINA,CATANZARO,CALABRIA,38.9475136,16.47258575,AC001E00039,e-distribuzione S.p.A.,2025-12-31
Comunità energetica rinnovabile,COMUNITA ENERGETICA RINNOVABILE DUE MARI,6.0,1,2,CATANZARO,CATANZARO,CALABRIA,38.9522,16.5853,AC001E00035,e-distribuzione S.p.A.,2025-12-31
Comunità energetica rinnovabile,COMUNITA ENERGETICA RINNOVABILE DUE MARI,19.89,1,9,LAMEZIA TERME,CATANZARO,CALABRIA,38.9622,16.3175,AC001E00042,e-distribuzione S.p.A.,2025-12-31
Comunità energetica rinnovabile,COMUNITA ENERGETICA RINNOVABILE DUE MARI,42.25,9,17,LAMEZIA TERME,CATANZARO,CALABRIA,38.9641,16.2916,AC001E00043,e-distribuzione S.p.A.,2025-12-31
Comunità energetica rinnovabile,"COMUNITA' ENERGETICA RINNOVABILE """"RIVIERA DEI TRAMONTI""""",6.0,1,4,FALERNA,CATANZARO,CALABRIA,38.973375050804,16.150356818061,AC001E00046,e-distribuzione S.p.A.,2025-12-31
Comunità energetica rinnovabile,RISPARMIAMO INSIEME CER,330.0,1,32,CUTRO,CROTONE,CALABRIA,39.006,16.9534,AC001E00051,e-distribuzione S.p.A.,2025-12-31
Comunità energetica rinnovabile,"ASSOCIAZIONE """"COMUNITA' ENERGETICA RINNOVABILE REVENTINO-SAVUTO""""",6.0,1,3,SERRASTRETTA,CATANZARO,CALABRIA,39.0197,16.4198,AC001E00048,e-distribuzione S.p.A.,2025-12-31
Comunità energetica rinnovabile,COMUNITA' ENERGETICA RINNOVABILE CER ZONA SARDEGNA,3.0,1,3,CARBONIA,SUD SARDEGNA,SARDEGNA,39.162,8.5215,AC001E01627,e-distribuzione S.p.A.,2025-12-31
Comunità energetica rinnovabile,"COMUNITA' ENERGETICA RINNOVABILE """"RIVIERA DEI TRAMONTI""""",12.0,2,2,BELMONTE CALABRO,COSENZA,CALABRIA,39.1627,16.0874,AC001E00058,e-distribuzione S.p.A.,2025-12-31
Comunità energetica rinnovabile,COMUNITA' ENERGETICA RINNOVABILE CER ZONA SARDEGNA,6.0,1,3,PORTOSCUSO,SUD SARDEGNA,SARDEGNA,39.1728,8.4357,AC001E01637,e-distribuzione S.p.A.,2025-12-31
Comunità energetica rinnovabile,COMUNITA' ENERGETICA RINNOVABILE CER ZONA SARDEGNA,8.0,1,3,CARBONIA,SUD SARDEGNA,SARDEGNA,39.1737,8.499,AC001E01627,e-distribuzione S.p.A.,2025-12-31
Comunità energetica rinnovabile,COMUNITÀ ENERGETICA SARDEGNA VERDE,12.0,2,6,CARBONIA,SUD SARDEGNA,SARDEGNA,39.175236219853,8.519639729154,AC001E01627,e-distribuzione S.p.A.,2025-12-31
Comunità energetica rinnovabile,INSPIRE ENERGY COMMUNITY SARDEGNA,4.6,1,2,CAGLIARI,CAGLIARI,SARDEGNA,39.215773990944,9.128912551854,AC001E01619,e-distribuzione S.p.A.,2025-12-31
Comunità energetica rinnovabile,COMUNITA' ENERGETICA RINNOVABILE CER ZONA SARDEGNA,5.0,1,4,CAGLIARI,CAGLIARI,SARDEGNA,39.2172,9.1239,AC001E01619,e-distribuzione S.p.A.,2025-12-31
Comunità energetica rinnovabile,COMUNITA' ENERGETICA RINNOVABILE CER ZONA SARDEGNA,6.0,1,3,CAGLIARI,CAGLIARI,SARDEGNA,39.2341,9.102,AC001E01618,e-distribuzione S.p.A.,2025-12-31
Comunità energetica rinnovabile,CER PIAZZA MEDAGLIA,109.88,1,9,CAGLIARI,CAGLIARI,SARDEGNA,39.2383,9.1005,AC001E01618,e-distribuzione S.p.A.,2025-12-31
Comunità energetica rinnovabile,COMUNITA' ENERGETICA RINNOVABILE CER ZONA SARDEGNA,7.5,1,4,QUARTU SANT'ELENA,CAGLIARI,SARDEGNA,39.2397,9.187,AC001E01635,e-distribuzione S.p.A.,2025-12-31
Comunità energetica rinnovabile,COMUNITA ENERGETICA RINNOVABILE SARDINIA GREEN COMMUNITY,992.0,2,5,ASSEMINI,CAGLIARI,SARDEGNA,39.240876635825,8.993015616562,AC001E01616,e-distribuzione S.p.A.,2025-12-31
Comunità energetica rinnovabile,COMUNITA ENERGETICA RINNOVABILE SARDINIA GREEN COMMUNITY,43.8,1,3,CAGLIARI,CAGLIARI,SARDEGNA,39.2439,9.1149,AC001E01634,e-distribuzione S.p.A.,2025-12-31
Comunità energetica rinnovabile,COMUNITA' ENERGETICA RINNOVABILE CER ZONA SARDEGNA,6.0,1,2,CAGLIARI,CAGLIARI,SARDEGNA,39.2457,9.13,AC001E01622,e-distribuzione S.p.A.,2025-12-31
Comunità energetica rinnovabile,COMUNITA' ENERGETICA RINNOVABILE CER ZONA SARDEGNA,5.0,1,3,MONSERRATO,CAGLIARI,SARDEGNA,39.251,9.1431,AC001E01622,e-distribuzione S.p.A.,2025-12-31
Comunità energetica rinnovabile,COMUNITA' ENERGETICA RINNOVABILE CER ZONA SARDEGNA,60.0,1,2,SETTIMO SAN PIETRO,CAGLIARI,SARDEGNA,39.2757,9.1804,AC001E01635,e-distribuzione S.p.A.,2025-12-31
Comunità energetica rinnovabile,INSPIRE ENERGY COMMUNITY SARDEGNA,10.0,2,2,SETTIMO SAN PIETRO,CAGLIARI,SARDEGNA,39.2925,9.1885,AC001E01635,e-distribuzione S.p.A.,2025-12-31
Comunità energetica rinnovabile,C.E.R. - RENDE GREEN,14.25,3,4,RENDE,COSENZA,CALABRIA,39.343714015361,16.234252811092,AC001E00068,e-distribuzione S.p.A.,2025-12-31
Comunità energetica rinnovabile,ASSOCIAZIONE ELETTRICA SARDA,15.0,1,3,BURCEI,SUD SARDEGNA,SARDEGNA,39.345743613944,9.361578258388,AC001E01671,e-distribuzione S.p.A.,2025-12-31
Comunità energetica rinnovabile,ASSOCIAZIONE ELETTRICA SARDA,6.0,1,2,DOLIANOVA,SUD SARDEGNA,SARDEGNA,39.3737,9.1771,AC001E01620,e-distribuzione S.p.A.,2025-12-31
Comunità energetica rinnovabile,COMUNITÀ ENERGETICA VIA DEL SOLE - SOCIETÀ COOPERATIVA,5.16,1,14,DOLIANOVA,SUD SARDEGNA,SARDEGNA,39.3822,9.1801,AC001E01620,e-distribuzione S.p.A.,2025-12-31
Comunità energetica rinnovabile,Comunità Energetica Rinnovabile Bplanet - Montalto,6.15,1,2,MONTALTO UFFUGO,COSENZA,CALABRIA,39.429899385924,16.222635012083,AC001E00070,e-distribuzione S.p.A.,2025-12-31
Comunità energetica rinnovabile,COMUNITA' ENERGETICA RINNOVABILE ASSOCIAZIONE LA TERRA DEL SOLE,198.9,2,129,SERRENTI,SUD SARDEGNA,SARDEGNA,39.5008,8.9619,AC001E01633,e-distribuzione S.p.A.,2025-12-31
Comunità energetica rinnovabile,INSPIRE ENERGY COMMUNITY SARDEGNA,10.0,2,2,GUSPINI,SUD SARDEGNA,SARDEGNA,39.5381,8.6341,AC001E01632,e-distribuzione S.p.A.,2025-12-31
Comunità energetica rinnovabile,ASSOCIAZIONE ELETTRICA SARDA,49.2,1,3,SANLURI,SUD SARDEGNA,SARDEGNA,39.5656,8.8882,AC001E01633,e-distribuzione S.p.A.,2025-12-31
Comunità energetica rinnovabile,ASSOCIAZIONE ELETTRICA SARDA,6.0,1,3,PABILLONIS,SUD SARDEGNA,SARDEGNA,39.590763363566,8.71849489819,AC001E01640,e-distribuzione S.p.A.,2025-12-31
Comunità energetica rinnovabile,"ASSOCIAZIONE COMUNITA' ENERGETICA RINNOVABILE """"FONTABIO""""",20.0,1,2,CORIGLIANO-ROSSANO,COSENZA,CALABRIA,39.6108,16.5758,AC001E00075,e-distribuzione S.p.A.,2025-12-31
Comunità energetica rinnovabile,ASSOCIAZIONE COMUNITA' ENERGETICA RINNOVABILE BIDDANOA,44.4,1,40,VILLANOVAFORRU,SUD SARDEGNA,SARDEGNA,39.6322,8.8718,AC001E01642,e-distribuzione S.p.A.,2025-12-31
Comunità energetica rinnovabile,ASSOCIAZIONE COMUNITA' ENERGETICA RINNOVABILE CORIGLIANO 1,6.0,1,2,CORIGLIANO-ROSSANO,COSENZA,CALABRIA,39.6322,16.5141,AC001E00076,e-distribuzione S.p.A.,2025-12-31
Comunità energetica rinnovabile,ASSOCIAZIONE COMUNITÀ ENERGETICA - GR2,997.35,1,2,CORIGLIANO-ROSSANO,COSENZA,CALABRIA,39.6699,16.4844,AC001E00076,e-distribuzione S.p.A.,2025-12-31
Comunità energetica rinnovabile,ASSOCIAZIONE COMUNITÀ ENERGETICA RINNOVABILE USSARAMANNA,60.0,1,48,USSARAMANNA,SUD SARDEGNA,SARDEGNA,39.6926,8.9097,AC001E01642,e-distribuzione S.p.A.,2025-12-31
Comunità energetica rinnovabile,ASSOCIAZIONE COMUNITÀ ENERGETICA RINNOVABILE USSARAMANNA,11.07,1,5,USSARAMANNA,SUD SARDEGNA,SARDEGNA,39.6928,8.9127,AC001E01642,e-distribuzione S.p.A.,2025-12-31
Comunità energetica rinnovabile,COMUNITA' ENERGETICA RINNOVABILE CER ZONA SARDEGNA,28.35,5,14,TUILI,SUD SARDEGNA,SARDEGNA,39.7128,8.963,AC001E01642,e-distribuzione S.p.A.,2025-12-31
Comunità energetica rinnovabile,COMUNITA' ENERGETICA RINNOVABILE CER ZONA SARDEGNA,5.58,1,2,TUILI,SUD SARDEGNA,SARDEGNA,39.7131,8.9626,AC001E01642,e-distribuzione S.p.A.,2025-12-31
Comunità energetica rinnovabile,COMUNITA' ENERGETICA RINNOVABILE CER ZONA SARDEGNA,6.0,1,2,MARRUBIU,ORISTANO,SARDEGNA,39.747,8.6405,AC001E01639,e-distribuzione S.p.A.,2025-12-31
Comunità energetica rinnovabile,INSPIRE ENERGY COMMUNITY SARDEGNA,11.0,2,2,ALES,ORISTANO,SARDEGNA,39.7679,8.8181,AC001E01639,e-distribuzione S.p.A.,2025-12-31
Comunità energetica rinnovabile,ASSOCIAZIONE ELETTRICA SARDA,6.0,1,2,NURECI,ORISTANO,SARDEGNA,39.8226,8.9731,AC001E01642,e-distribuzione S.p.A.,2025-12-31
Comunità energetica rinnovabile,EP OPEN SOCIETÀ COOPERATIVA,6.0,1,9,CASTROVILLARI,COSENZA,CALABRIA,39.826634311968,16.222608571976,AC001E00081,e-distribuzione S.p.A.,2025-12-31
Comunità energetica rinnovabile,COMUNITA' ENERGETICA RINNOVABILE CER ZONA SARDEGNA,79.8,1,1,BARI SARDO,NUORO,SARDEGNA,39.8292,9.6472,AC001E01676,e-distribuzione S.p.A.,2025-12-31
Comunità energetica rinnovabile,EP OPEN SOCIETÀ COOPERATIVA,5.0,1,2,CERCHIARA DI CALABRIA,COSENZA,CALABRIA,39.8594,16.3859,AC001E00083,e-distribuzione S.p.A.,2025-12-31
Comunità energetica rinnovabile,FONDAZIONE DI PARTECIPAZIONE CER ITALIA,6.0,1,2,CERCHIARA DI CALABRIA,COSENZA,CALABRIA,39.864253,16.370447,AC001E00083,e-distribuzione S.p.A.,2025-12-31
Comunità energetica rinnovabile,INSPIRE ENERGY COMMUNITY SARDEGNA,9.52,2,2,SEULO,SUD SARDEGNA,SARDEGNA,39.8709,9.2342,AC001E01654,e-distribuzione S.p.A.,2025-12-31
Comunità energetica rinnovabile,COMUNITA' ENERGETICA SOLENOSTRUM,19.78,1,10,LANUSEI,NUORO,SARDEGNA,39.879475,9.550573,AC001E01676,e-distribuzione S.p.A.,2025-12-31
Comunità energetica rinnovabile,ASSOCIAZIONE ELETTRICA SARDA,600.0,1,4,TORTOLI',NUORO,SARDEGNA,39.9268,9.6796,AC001E01678,e-distribuzione S.p.A.,2025-12-31
Comunità energetica rinnovabile,EP OPEN SOCIETÀ COOPERATIVA,22.0,3,3,LAINO BORGO,COSENZA,CALABRIA,39.9548,15.9743,AC001E00087,e-distribuzione S.p.A.,2025-12-31
Comunità energetica rinnovabile,TRICASE GREEN,995.0,1,3,TRICASE,LECCE,PUGLIA,39.9571,18.3377,AC001E00098,e-distribuzione S.p.A.,2025-12-31
Comunità energetica rinnovabile,ASSOCIAZIONE CENERGAM,19.5,1,3,AMENDOLARA,COSENZA,CALABRIA,39.958670576591,16.6272014379501,AC001E00085,e-distribuzione S.p.A.,2025-12-31
Comunità energetica rinnovabile,COMUNITA' ENERGETICA APS IQ-CER,15.0,3,4,RACALE,LECCE,PUGLIA,39.9632,18.101,AC001E00097,e-distribuzione S.p.A.,2025-12-31
Comunità energetica rinnovabile,COMUNITA' ENERGETICA RINNOVABILE CER ZONA SUD,6.0,1,3,MELISSANO,LECCE,PUGLIA,39.9637,18.1251,AC001E00097,e-distribuzione S.p.A.,2025-12-31
Comunità energetica rinnovabile,COMUNITA' ENERGETICA RINNOVABILE LAOS,960.0,1,76,LAINO BORGO,COSENZA,CALABRIA,39.973301770128,15.962308931631,AC001E00087,e-distribuzione S.p.A.,2025-12-31
Comunità energetica rinnovabile,COMUNITA' ENERGETICA RINNOVABILE CER ZONA SARDEGNA,19.72,1,1,SAN VERO MILIS,ORISTANO,SARDEGNA,40.013,8.5352,AC001E01647,e-distribuzione S.p.A.,2025-12-31
Comunità energetica rinnovabile,INSPIRE ENERGY COMMUNITY SUD,11.0,2,4,SPONGANO,LECCE,PUGLIA,40.0136,18.3736,AC001E00101,e-distribuzione S.p.A.,2025-12-31
Comunità energetica rinnovabile,CARCARA COMUNITA' ENERGETICA RINNOVABILE,6.0,1,2,NOCIGLIA,LECCE,PUGLIA,40.0341,18.3308,AC001E00101,e-distribuzione S.p.A.,2025-12-31
Comunità energetica rinnovabile,COMUNITA' ENERGETICA APS IQ-CER,6.0,1,5,SAN CASSIANO,LECCE,PUGLIA,40.055,18.3372,AC001E00101,e-distribuzione S.p.A.,2025-12-31
Comunità energetica rinnovabile,ENERGY FOR US CER,24.0,4,10,BOTRUGNO,LECCE,PUGLIA,40.0629,18.3288,AC001E00101,e-distribuzione S.p.A.,2025-12-31
Comunità energetica rinnovabile,ENERGY FOR US CER,12.0,2,2,SANNICOLA,LECCE,PUGLIA,40.0869,18.0556,AC001E00100,e-distribuzione S.p.A.,2025-12-31
Comunità energetica rinnovabile,INSPIRE ENERGY COMMUNITY SARDEGNA,10.0,2,4,BONARCADO,ORISTANO,SARDEGNA,40.0971,8.6545,AC001E01647,e-distribuzione S.p.A.,2025-12-31
Comunità energetica rinnovabile,INSPIRE ENERGY COMMUNITY SARDEGNA,18.0,3,4,FONNI,NUORO,SARDEGNA,40.118348556626,9.249385562376,AC001E01679,e-distribuzione S.p.A.,2025-12-31
Comunità energetica rinnovabile,BE-HIVE CER,6.0,1,2,MAGLIE,LECCE,PUGLIA,40.1248,18.2995,AC001E00116,e-distribuzione S.p.A.,2025-12-31
Comunità energetica rinnovabile,COMUNITA' ENERGETICA APS IQ-CER,6.0,1,5,CURSI,LECCE,PUGLIA,40.1392,18.3326,AC001E00116,e-distribuzione S.p.A.,2025-12-31
Comunità energetica rinnovabile,COMUNITA' ENERGETICA APS IQ-CER,9.0,2,3,SOGLIANO CAVOUR,LECCE,PUGLIA,40.147,18.1926,AC001E00118,e-distribuzione S.p.A.,2025-12-31
Comunità energetica rinnovabile,ENERGY FOR US CER,33.86,5,12,CANNOLE,LECCE,PUGLIA,40.1513,18.3763,AC001E00116,e-distribuzione S.p.A.,2025-12-31
Comunità energetica rinnovabile,INSPIRE ENERGY COMMUNITY SUD,46.0,8,8,MELPIGNANO,LECCE,PUGLIA,40.1529,18.2891,AC001E00116,e-distribuzione S.p.A.,2025-12-31
Comunità energetica rinnovabile,INSPIRE ENERGY COMMUNITY SUD,25.96,3,3,CASTRIGNANO DE' GRECI,LECCE,PUGLIA,40.1728,18.2974,AC001E00121,e-distribuzione S.p.A.,2025-12-31
Comunità energetica rinnovabile,ENERGY FOR US CER,29.8,2,2,CARPIGNANO SALENTINO,LECCE,PUGLIA,40.1927,18.34,AC001E00121,e-distribuzione S.p.A.,2025-12-31
Comunità energetica rinnovabile,FONDAZIONE LA TUA C.E.R.,15.34,1,6,ORGOSOLO,NUORO,SARDEGNA,40.2052,9.3556,AC001E01680,e-distribuzione S.p.A.,2025-12-31
Comunità energetica rinnovabile,ASSOCIAZIONE ELETTRICA SARDA,6.0,1,2,OTTANA,NUORO,SARDEGNA,40.2344,9.0455,AC001E01657,e-distribuzione S.p.A.,2025-12-31
Comunità energetica rinnovabile,ASSOCIAZIONE ELETTRICA SARDA,5.0,1,7,MACOMER,NUORO,SARDEGNA,40.267545217773,8.779995212695,AC001E01656,e-distribuzione S.p.A.,2025-12-31
Comunità energetica rinnovabile,INSPIRE ENERGY COMMUNITY SUD,11.0,2,2,CASTRI DI LECCE,LECCE,PUGLIA,40.2755,18.2704,AC001E00127,e-distribuzione S.p.A.,2025-12-31
Comunità energetica rinnovabile,INSPIRE ENERGY COMMUNITY SUD,10.0,2,2,SAN CESARIO DI LECCE,LECCE,PUGLIA,40.3015,18.1627,AC001E00129,e-distribuzione S.p.A.,2025-12-31
Comunità energetica rinnovabile,ASSOCIAZIONE COMUNITA' ENERGETICA RINNOVABILE BOLENERGIA E.T.S.,19.0,1,11,BOLOTANA,NUORO,SARDEGNA,40.3263,8.9609,AC001E01657,e-distribuzione S.p.A.,2025-12-31
Comunità energetica rinnovabile,INSPIRE ENERGY COMMUNITY SUD,9.4,2,2,MARUGGIO,TARANTO,PUGLIA,40.3276,17.5727,AC001E00130,e-distribuzione S.p.A.,2025-12-31
Comunità energetica rinnovabile,INSPIRE ENERGY COMMUNITY SUD,11.0,2,2,ARNESANO,LECCE,PUGLIA,40.3371,18.0898,AC001E00134,e-distribuzione S.p.A.,2025-12-31
Comunità energetica rinnovabile,INSPIRE ENERGY COMMUNITY SUD,22.0,2,2,LECCE,LECCE,PUGLIA,40.3721,18.1125,AC001E00135,e-distribuzione S.p.A.,2025-12-31
Comunità energetica rinnovabile,INSPIRE ENERGY COMMUNITY SUD,5.0,1,2,LEPORANO,TARANTO,PUGLIA,40.377,17.3338,AC001E00092,e-distribuzione S.p.A.,2025-12-31
Comunità energetica rinnovabile,COMUNITA' ENERGETICA ENPAL,6.0,1,2,TARANTO,TARANTO,PUGLIA,40.408610846106,17.286272671673,AC001E00092,e-distribuzione S.p.A.,2025-12-31
Comunità energetica rinnovabile,INSPIRE ENERGY COMMUNITY SUD,10.4,2,2,FRAGAGNANO,TARANTO,PUGLIA,40.4284,17.4743,AC001E00091,e-distribuzione S.p.A.,2025-12-31
Comunità energetica rinnovabile,INSPIRE ENERGY COMMUNITY SUD,10.0,2,2,ROCCAFORZATA,TARANTO,PUGLIA,40.4365,17.3896,AC001E00153,e-distribuzione S.p.A.,2025-12-31
Comunità energetica rinnovabile,COMUNITA' ENERGETICA RINNOVABILE CER ZONA SARDEGNA,4.0,1,3,LULA,NUORO,SARDEGNA,40.471463642146,9.483311634981,AC001E01682,e-distribuzione S.p.A.,2025-12-31
Comunità energetica rinnovabile,COMUNITA ENERGETICA RINNOVABILE LUCANA,100.0,1,2,ANZI,POTENZA,BASILICATA,40.5492301831395,15.9655621647834,AC001E00113,e-distribuzione S.p.A.,2025-12-31
Comunità energetica rinnovabile,È ENERGIA COOPERATIVA BENEFIT A RESPONSABILITÀ LIMITATA,9.79,1,4,ALGHERO,SASSARI,SARDEGNA,40.6055,8.32,AC001E01648,e-distribuzione S.p.A.,2025-12-31
Comunità energetica rinnovabile,BATTIPAGLIA GIOVANE - COMUNITA' ENERGETICA,19.32,1,9,BATTIPAGLIA,SALERNO,CAMPANIA,40.609246408851,14.990579781584,AC001E00140,e-distribuzione S.p.A.,2025-12-31
Comunità energetica rinnovabile,ASSOCIAZIONE COMUNITÀ ENERGETICA RINNOVABILE SANT'ELIA CHE ENERGIA ETS,30.03,1,3,BRINDISI,BRINDISI,PUGLIA,40.6194,17.9214,AC001E00234,e-distribuzione S.p.A.,2025-12-31
Comunità energetica rinnovabile,ASSOCIAZIONE COMUNITA' ENERGETICA RINNOVABILE CERCAP,6.0,1,1,CASTELLANETA,TARANTO,PUGLIA,40.629407086992,16.93650960805,AC001E00176,e-distribuzione S.p.A.,2025-12-31
Comunità energetica rinnovabile,COMUNITÀ ENERGETICA RINNOVABILE COMUNI DEL SUD,14.76,1,2,CAMPAGNA,SALERNO,CAMPANIA,40.6333,15.1455,AC001E00141,e-distribuzione S.p.A.,2025-12-31
Comunità energetica rinnovabile,INSPIRE ENERGY COMMUNITY SARDEGNA,11.0,2,3,OLMEDO,SASSARI,SARDEGNA,40.6507,8.3751,AC001E01648,e-distribuzione S.p.A.,2025-12-31
Comunità energetica rinnovabile,INSPIRE ENERGY COMMUNITY SARDEGNA,5.0,1,2,USINI,SASSARI,SARDEGNA,40.6663,8.5373,AC001E01651,e-distribuzione S.p.A.,2025-12-31
Comunità energetica rinnovabile,COMUNITA' ENERGETICA MAKE ENERGY TOGETHER,100.0,1,17,SAN VITO DEI NORMANNI,BRINDISI,PUGLIA,40.6697,17.6998,AC001E00230,e-distribuzione S.p.A.,2025-12-31
Comunità energetica rinnovabile,FONDAZIONE DI PARTECIPAZIONE CER ITALIA,799.8,1,8,MATERA,MATERA,BASILICATA,40.675179736774,16.551888198139,AC001E00160,e-distribuzione S.p.A.,2025-12-31
Comunità energetica rinnovabile,COMUNITÀ ENERGETICA RINNOVABILE TE.ST,200.0,2,3,BALVANO,POTENZA,BASILICATA,40.6816,15.5473,AC001E00165,e-distribuzione S.p.A.,2025-12-31
Comunità energetica rinnovabile,COMUNITA' ENERGETICA RINNOVABILE GIOSCARI,6.0,1,2,SASSARI,SASSARI,SARDEGNA,40.7039507,8.5606181,AC001E01651,e-distribuzione S.p.A.,2025-12-31
Comunità energetica rinnovabile,SARDA CER SCARL,989.7,1,1,TULA,SASSARI,SARDEGNA,40.7236096,9.00880235,AC001E01662,e-distribuzione S.p.A.,2025-12-31
Comunità energetica rinnovabile,RINNOVIAMOCI COMUNITA' ENERGETICA RINNOVABILE (CER),5.81,1,2,NOCERA SUPERIORE,SALERNO,CAMPANIA,40.7464,14.6613,AC001E00184,e-distribuzione S.p.A.,2025-12-31
Comunità energetica rinnovabile,ASSOCIAZIONE COMUNITÀ ENERGETICA RINNOVABILE SANTERAMO IN COLLE ETS,42.0,1,6,SANTERAMO IN COLLE,BARI,PUGLIA,40.7895,16.7547,AC001E00238,e-distribuzione S.p.A.,2025-12-31
Comunità energetica rinnovabile,COMUNITÀ ENERGETICA RINNOVABILE VENTOTENE,14.68,3,11,VENTOTENE,LATINA,LAZIO,40.789690295,13.420878385,AC001E01848,e-distribuzione S.p.A.,2025-12-31
Comunità energetica rinnovabile,COMUNITÀ ENERGETICA RINNOVABILE MONTICELLI & OSTUNI,6.0,1,8,OSTUNI,BRINDISI,PUGLIA,40.792872216542,17.567527811545,AC001E00233,e-distribuzione S.p.A.,2025-12-31
Comunità energetica rinnovabile,ASSOCIAZIONE ELETTRICA SARDA,30.0,1,8,SORSO,SASSARI,SARDEGNA,40.8168460358219,8.49031805992126,AC001E01669,e-distribuzione S.p.A.,2025-12-31
Comunità energetica rinnovabile,COMUNITA' ENERGETICA RINNOVABILE LOMONACO,2.0,1,2,NAPOLI,NAPOLI,CAMPANIA,40.8352,14.2377,AC001E00190,e-distribuzione S.p.A.,2025-12-31
Comunità energetica rinnovabile,COMUNITA' ENERGETICA E SOLIDALE DI NAPOLI EST,54.78,1,13,NAPOLI,NAPOLI,CAMPANIA,40.835518,14.310236,AC001E00192,e-distribuzione S.p.A.,2025-12-31
Comunità energetica rinnovabile,COMUNITA' ENERGETICA SAN GENNARO ETS,19.71,1,4,NAPOLI,NAPOLI,CAMPANIA,40.865339870036,14.246970859471,AC001E00201,e-distribuzione S.p.A.,2025-12-31
Comunità energetica rinnovabile,COMUNITA' ENERGETICA RINNOVABILE UNIONE SOLIDALE,5.81,1,3,NAPOLI,NAPOLI,CAMPANIA,40.8672,14.2536,AC001E00204,e-distribuzione S.p.A.,2025-12-31
Comunità energetica rinnovabile,ASSOCIAZIONE ELETTRICA SARDA,12.0,2,2,TELTI,SASSARI,SARDEGNA,40.877485750652,9.352082651738,AC001E01690,e-distribuzione S.p.A.,2025-12-31
Comunità energetica rinnovabile,COMUNITA' ENERGETICA RINNOVABILE ASSOCIAZIONE STARZA DELLA REGINA,19.84,1,3,SOMMA VESUVIANA,NAPOLI,CAMPANIA,40.8784,14.4268,AC001E00203,e-distribuzione S.p.A.,2025-12-31
Comunità energetica rinnovabile,COMUNITÀ ENERGETICA RINNOVABILE ASSOCIAZIONE DI VITTORIO,69.3,1,1,MARANO DI NAPOLI,NAPOLI,CAMPANIA,40.8992,14.1786,AC001E00208,e-distribuzione S.p.A.,2025-12-31
Comunità energetica rinnovabile,COMUNITÀ ENERGETICA RINNOVABILE ASSOCIAZIONE IOTTI,30.0,1,3,CASTELLO DI CISTERNA,NAPOLI,CAMPANIA,40.904,14.4162,AC001E00220,e-distribuzione S.p.A.,2025-12-31
Comunità energetica rinnovabile,COMUNITÀ ENERGETICA RINNOVABILE ASSOCIAZIONE IOTTI,90.2,1,4,POMIGLIANO D'ARCO,NAPOLI,CAMPANIA,40.9078,14.3709,AC001E00219,e-distribuzione S.p.A.,2025-12-31
Comunità energetica rinnovabile,COMUNITA' ENERGETICA RINNOVABILE ASSOCIAZIONE SETTEMBRE,26.4,1,3,CASTELLO DI CISTERNA,NAPOLI,CAMPANIA,40.9105,14.4141,AC001E00220,e-distribuzione S.p.A.,2025-12-31
Comunità energetica rinnovabile,CER ITALY,9.0,2,3,VIDDALBA,SASSARI,SARDEGNA,40.920391187505,8.897049449105,AC001E01663,e-distribuzione S.p.A.,2025-12-31
Comunità energetica rinnovabile,COMUNITÀ ENERGETICA RINNOVABILE ASSOCIAZIONE IOTTI,30.0,1,2,NOLA,NAPOLI,CAMPANIA,40.9206,14.5353,AC001E00218,e-distribuzione S.p.A.,2025-12-31
Comunità energetica rinnovabile,ASSOCIAZIONE ELETTRICA SARDA,22.78,2,3,OLBIA,SASSARI,SARDEGNA,40.939,9.4981,AC001E01691,e-distribuzione S.p.A.,2025-12-31
Comunità energetica rinnovabile,ASSOCIAZIONE ELETTRICA SARDA,25.83,1,7,STINTINO,SASSARI,SARDEGNA,40.9397846397623,8.22319686412811,AC001E01670,e-distribuzione S.p.A.,2025-12-31
Comunità energetica rinnovabile,LE COMUNITA' ENERGETICHE DI FOTOVOLTAICO SEMPLICE,4.73,1,2,SANT'ANTIMO,NAPOLI,CAMPANIA,40.9419,14.2334,AC001E00225,e-distribuzione S.p.A.,2025-12-31
Comunità energetica rinnovabile,ASSOCIAZIONE COMUNITA' ENERGETICA RINNOVABILE CAMPANIA FELIX,99.19,1,2,CASAMARCIANO,NAPOLI,CAMPANIA,40.9459,14.5619,AC001E00218,e-distribuzione S.p.A.,2025-12-31
Comunità energetica rinnovabile,COMUNITÀ ENERGETICA RINNOVABILE ASSOCIAZIONE CAMPO DI FIUME,198.0,1,1,MONTEFREDANE,AVELLINO,CAMPANIA,40.946183855422,14.826670854306,AC001E00244,e-distribuzione S.p.A.,2025-12-31
Comunità energetica rinnovabile,COMUNITA' ENERGETICA PARETE APS,59.31,3,7,PARETE,CASERTA,CAMPANIA,40.95,14.16,AC001E00226,e-distribuzione S.p.A.,2025-12-31
Comunità energetica rinnovabile,COMUNITÀ ENERGETICA RINNOVABILE NOVACER,4.4,1,6,CONVERSANO,BARI,PUGLIA,40.963871446887,17.120810634047,AC001E00268,e-distribuzione S.p.A.,2025-12-31
Comunità energetica rinnovabile,ASSOCIAZIONE COMUNITA' ENERGETICA RINNOVABILE D'ANNUNZIO,19.8,1,8,CARINARO,CASERTA,CAMPANIA,40.985903,14.2134975,AC001E00283,e-distribuzione S.p.A.,2025-12-31
Comunità energetica rinnovabile,ASSOCIAZIONE CER VENOSA SUD,180.0,2,5,VENOSA,POTENZA,BASILICATA,40.98843123,15.8548478,AC001E00242,e-distribuzione S.p.A.,2025-12-31
Comunità energetica rinnovabile,"COMUNITA' SOLIDALE DI ENERGIA RINNOVABILE """"PIAZZA MERCATO""""",19.08,1,12,SAN FELICE A CANCELLO,CASERTA,CAMPANIA,41.0213,14.493,AC001E00256,e-distribuzione S.p.A.,2025-12-31
Comunità energetica rinnovabile,COMUNITÀ ENERGETICA RINNOVABILE EW FOUNDATION,10.0,1,2,ROCCABASCERANA,AVELLINO,CAMPANIA,41.032342646736,14.712387217566,AC001E00247,e-distribuzione S.p.A.,2025-12-31
Comunità energetica rinnovabile,SYNTAGMA,22.0,3,3,GIANO VETUSTO,CASERTA,CAMPANIA,41.033441,14.19703583,AC001E00283,e-distribuzione S.p.A.,2025-12-31
Comunità energetica rinnovabile,COMUNITÀ ENERGETICA RINNOVABILE NOVACER,6.0,1,2,MOLA DI BARI,BARI,PUGLIA,41.05271305,17.09290595,AC001E00273,e-distribuzione S.p.A.,2025-12-31
Comunità energetica rinnovabile,COMUNITA' ENERGETICA RINNOVABILE SAN GIORGIO DEL SANNIO,23.68,4,39,SAN MARTINO SANNITA,BENEVENTO,CAMPANIA,41.066794074951,14.836327113566,AC001E00260,e-distribuzione S.p.A.,2025-12-31
Comunità energetica rinnovabile,COMUNITA' ENERGETICA RINNOVABILE UNIONE SOLIDALE,6.0,1,5,CURTI,CASERTA,CAMPANIA,41.0726,14.275,AC001E00287,e-distribuzione S.p.A.,2025-12-31
Comunità energetica rinnovabile,A.N.C.E.R. ASSOCIAZIONE NAZIONALE COMUNITA' ENERGETICA RINNOVABILE,17.0,2,5,MONDRAGONE,CASERTA,CAMPANIA,41.117466302178,13.897812037681,AC001E00286,e-distribuzione S.p.A.,2025-12-31
Comunità energetica rinnovabile,COMUNITA' ENERGETICA RINNOVABILE IL SOLE SOLIDALE,6.0,1,3,ARIANO IRPINO,AVELLINO,CAMPANIA,41.1293,15.0795,AC001E00278,e-distribuzione S.p.A.,2025-12-31
Comunità energetica rinnovabile,COMUNITÀ ENERGETICA RINNOVABILE EW FOUNDATION,12.0,2,4,CASTELPOTO,BENEVENTO,CAMPANIA,41.1398,14.6997,AC001E00275,e-distribuzione S.p.A.,2025-12-31
Comunità energetica rinnovabile,CASTELPOTO COMUNITA' ENERGETICA RINNOVABILE,15.0,1,2,CASTELPOTO,BENEVENTO,CAMPANIA,41.141,14.6999,AC001E00275,e-distribuzione S.p.A.,2025-12-31
Comunità energetica rinnovabile,ONE ENERGY,960.0,1,7,BENEVENTO,BENEVENTO,CAMPANIA,41.149665933696,14.73074019216,AC001E00275,e-distribuzione S.p.A.,2025-12-31
Comunità energetica rinnovabile,COMUNITA' ENERGETICA VITULANO 1,19.98,1,3,VITULANO,BENEVENTO,CAMPANIA,41.1743,14.6482,AC001E00275,e-distribuzione S.p.A.,2025-12-31
Comunità energetica rinnovabile,"ASSOCIAZIONE """"COMUNITÀ ENERGETICA RINNOVABILE MONTEMAGGIORE ETS""""",6.0,1,15,FORMICOLA,CASERTA,CAMPANIA,41.220475145662,14.206080317287,AC001E00296,e-distribuzione S.p.A.,2025-12-31
Comunità energetica rinnovabile,C.E.R. - SAVIGNANO IRPINO,8.07,1,32,SAVIGNANO IRPINO,AVELLINO,CAMPANIA,41.22349261,15.187085275,AC001E00278,e-distribuzione S.p.A.,2025-12-31
Comunità energetica rinnovabile,COMUNTA' ENERGETICA MOLINARA,10.1,1,3,MOLINARA,BENEVENTO,CAMPANIA,41.2916,14.9111,AC001E00343,e-distribuzione S.p.A.,2025-12-31
Comunità energetica rinnovabile,COMUNTA' ENERGETICA MOLINARA,10.1,1,6,MOLINARA,BENEVENTO,CAMPANIA,41.2927,14.9082,AC001E00343,e-distribuzione S.p.A.,2025-12-31
Comunità energetica rinnovabile,ASSOCIAZIONE LAZIO NUOVO ETS,56.0,2,8,FONDI,LATINA,LAZIO,41.3538,13.4075,AC001E00292,e-distribuzione S.p.A.,2025-12-31
Comunità energetica rinnovabile,COMUNITA' ENERGETICA RINNOVABILE ROSETO VALFORTORE,4.8,1,8,ROSETO VALFORTORE,FOGGIA,PUGLIA,41.3682,15.0909,AC001E00345,e-distribuzione S.p.A.,2025-12-31
Comunità energetica rinnovabile,COMUNITÀ ENERGETICA CENTRO ITALIA,10.0,1,4,SANT'AMBROGIO SUL GARIGLIANO,FROSINONE,LAZIO,41.392717845175,13.869461084163,AC001E00315,e-distribuzione S.p.A.,2025-12-31
Comunità energetica rinnovabile,COMUNITA' SOLIDALE DI ENERGIA RINNOVABILE M.P. ENERGY,76.32,1,4,SAN GIORGIO A LIRI,FROSINONE,LAZIO,41.4021,13.7373,AC001E00314,e-distribuzione S.p.A.,2025-12-31
Comunità energetica rinnovabile,COMUNITA' ENERGETICA ENPAL,6.0,1,2,LATINA,LATINA,LAZIO,41.456087185748,12.890249440861,AC001E00303,e-distribuzione S.p.A.,2025-12-31
Comunità energetica rinnovabile,CERS ANZIO NETTUNO ETS,9.0,2,7,ANZIO,ROMA,LAZIO,41.4968,12.6219,AC001E00364,e-distribuzione S.p.A.,2025-12-31
Comunità energetica rinnovabile,COMUNITA' ENERGETICA RINNOVABILE CER ZONA SUD,6.0,1,3,GILDONE,CAMPOBASSO,MOLISE,41.51449,14.71567,AC001E00326,e-distribuzione S.p.A.,2025-12-31
Comunità energetica rinnovabile,COMUNITA' ENERGETICA RINNOVABILE CER ZONA SUD,6.0,1,3,CAMPOBASSO,CAMPOBASSO,MOLISE,41.54,14.62,AC001E00326,e-distribuzione S.p.A.,2025-12-31
Comunità energetica rinnovabile,ASSOCIAZIONE COMUNITÀ ENERGETICA RINNOVABILE SMM,950.0,1,1,SANTA MARIA DEL MOLISE,ISERNIA,MOLISE,41.54416985,14.37392635,AC001E00322,e-distribuzione S.p.A.,2025-12-31
Comunità energetica rinnovabile,AMARES,37.14,1,2,RIPALIMOSANI,CAMPOBASSO,MOLISE,41.59,14.67,AC001E00422,e-distribuzione S.p.A.,2025-12-31
Comunità energetica rinnovabile,COMUNITA' ENERGETICA ENPAL,6.0,1,2,ARDEA,ROMA,LAZIO,41.605960244766,12.518491496435,AC001E00369,e-distribuzione S.p.A.,2025-12-31
Comunità energetica rinnovabile,COMUNITÀ ENERGETICA RINNOVABILE CER ZONA CENTRO SUD (CS),19.58,1,2,ARDEA,ROMA,LAZIO,41.623,12.521,AC001E00370,e-distribuzione S.p.A.,2025-12-31
Comunità energetica rinnovabile,FOSSALTO ENERGIA IN RETE,20.25,1,4,FOSSALTO,CAMPOBASSO,MOLISE,41.671971,14.544898,AC001E00422,e-distribuzione S.p.A.,2025-12-31
Comunità energetica rinnovabile,CER MOCCIA,999.05,1,2,POMEZIA,ROMA,LAZIO,41.6872578,12.5219483,AC001E00373,e-distribuzione S.p.A.,2025-12-31
Comunità energetica rinnovabile,COMUNITÀ ENERGETCA RINNOVABILE E SOCIALE ENERGIA DI SPERANZA,20.0,1,5,SAN SEVERO,FOGGIA,PUGLIA,41.692032563357,15.382506593774,AC001E00398,e-distribuzione S.p.A.,2025-12-31
Comunità energetica rinnovabile,COMUNITA' ENERGETICA ENPAL,15.0,1,2,ANAGNI,FROSINONE,LAZIO,41.727,13.1448,AC001E00419,e-distribuzione S.p.A.,2025-12-31
Comunità energetica rinnovabile,COMUNITA' ENERGETICA ENPAL,10.0,2,3,ROMA,ROMA,LAZIO,41.7588479,12.3715111,AC002E00008,ARETI SPA,2025-12-31
Comunità energetica rinnovabile,COMUNITA ENERGETICA RINNOVABILE EUR TORRINO,15.0,1,2,ROMA,ROMA,LAZIO,41.822983455762,12.440758148414,AC002E00072,ARETI SPA,2025-12-31
Comunità energetica rinnovabile,"ASSOCIAZIONE COMUNITA' ENERGETICA RINNOVABILE """"CER SCHIOPPO""""",100.0,1,4,MORINO,L'AQUILA,ABRUZZO,41.857804765866,13.424797842541,AC001E00433,e-distribuzione S.p.A.,2025-12-31
Comunità energetica rinnovabile,CER LE VELE,70.0,1,4,ROMA,ROMA,LAZIO,41.9134,12.45854,AC002E00039,ARETI SPA,2025-12-31
Comunità energetica rinnovabile,COMUNITÀ ENERGETICA RINNOVABILE SOLIDALE DE PAZZI ETS,4.45,1,16,ROMA,ROMA,LAZIO,41.9272,12.5605,AC002E00069,ARETI SPA,2025-12-31
Comunità energetica rinnovabile,MIM ENERGIA,99.63,1,12,SAN GIACOMO DEGLI SCHIAVONI,CAMPOBASSO,MOLISE,41.9574,14.9451,AC001E00409,e-distribuzione S.p.A.,2025-12-31
Comunità energetica rinnovabile,GREEN LAVIO ENERGY,135.0,2,3,GUIDONIA MONTECELIO,ROMA,LAZIO,41.9612,12.7112,AC001E00926,e-distribuzione S.p.A.,2025-12-31
Comunità energetica rinnovabile,COMUNITA' ENERGETICA ENPAL,3.6,1,2,GUIDONIA MONTECELIO,ROMA,LAZIO,41.967430679112,12.659843327785,AC001E00926,e-distribuzione S.p.A.,2025-12-31
Comunità energetica rinnovabile,A TUTTO SOLE,8.0,2,26,SANTA MARINELLA,ROMA,LAZIO,42.035236294398,11.851301478153,AC001E00464,e-distribuzione S.p.A.,2025-12-31
Comunità energetica rinnovabile,COOPERATIVA ELETTRICA PELIGNA A R.L.,5.46,1,12,SULMONA,L'AQUILA,ABRUZZO,42.047520387936,13.916844515201,AC001E00440,e-distribuzione S.p.A.,2025-12-31
Comunità energetica rinnovabile,COMUNITÀ ENERGETICA MARSICA GREEN ENERGY,698.88,1,2,AIELLI,L'AQUILA,ABRUZZO,42.0557,13.5795,AC001E00442,e-distribuzione S.p.A.,2025-12-31
Comunità energetica rinnovabile,CER MARSICA SOCIETÀ COOPERATIVA,600.0,1,24,SCURCOLA MARSICANA,L'AQUILA,ABRUZZO,42.0562,13.3994,AC001E00444,e-distribuzione S.p.A.,2025-12-31
Comunità energetica rinnovabile,COMUNITA' ENERGETICA RINNOVABILE GISSI,93.6,1,2,GISSI,CHIETI,ABRUZZO,42.0734,14.6006,AC001E00447,e-distribuzione S.p.A.,2025-12-31
Comunità energetica rinnovabile,COOPERATIVA ELETTRICA PELIGNA A R.L.,21.0,4,9,PRATOLA PELIGNA,L'AQUILA,ABRUZZO,42.099073515868,13.870387169729,AC001E00445,e-distribuzione S.p.A.,2025-12-31
Comunità energetica rinnovabile,COMUNITÀ ENERGIA RINNOVABILE 1 PERANO,19.68,1,5,PERANO,CHIETI,ABRUZZO,42.111393264647,14.383960626862,AC001E00448,e-distribuzione S.p.A.,2025-12-31
Comunità energetica rinnovabile,COOPERATIVA ELETTRICA PELIGNA A R.L.,18.0,3,7,CORFINIO,L'AQUILA,ABRUZZO,42.121718386928,13.838586541646,AC001E00446,e-distribuzione S.p.A.,2025-12-31
Comunità energetica rinnovabile,ASSOCIAZIONE ENERGETICA GAGLIANO ATERNO - COMUNITA' ENERGETICA RINNOIVABILE ETS,19.6,1,12,GAGLIANO ATERNO,L'AQUILA,ABRUZZO,42.125884,13.700273,AC001E00442,e-distribuzione S.p.A.,2025-12-31
Comunità energetica rinnovabile,COMUNITA' ENERGETICA ENPAL,6.0,1,2,POLLUTRI,CHIETI,ABRUZZO,42.146,14.6245,AC001E00412,e-distribuzione S.p.A.,2025-12-31
Comunità energetica rinnovabile,COMUNITA' ENERGETICA ENPAL,5.0,1,2,MORLUPO,ROMA,LAZIO,42.1525,12.5273,AC001E00526,e-distribuzione S.p.A.,2025-12-31
Comunità energetica rinnovabile,COMUNITÀ ENERGETICA RINNOVABILE RICETTO,5.0,1,17,COLLALTO SABINO,RIETI,LAZIO,42.166608096902,13.046203612362,AC001E00453,e-distribuzione S.p.A.,2025-12-31
Comunità energetica rinnovabile,CEREVOLUTION,6.0,1,5,GUARDIAGRELE,CHIETI,ABRUZZO,42.1965,14.2244,AC001E00451,e-distribuzione S.p.A.,2025-12-31
Comunità energetica rinnovabile,COMUNITA' ENERGETICA ENPAL,3.7,1,2,FARA IN SABINA,RIETI,LAZIO,42.198991860356,12.735873392194,AC001E00527,e-distribuzione S.p.A.,2025-12-31
Comunità energetica rinnovabile,COMUNITÀ ENERGETICA RINNOVABILE GENESIS,6.0,1,2,ORSOGNA,CHIETI,ABRUZZO,42.2226,14.2769,AC001E00451,e-distribuzione S.p.A.,2025-12-31
Comunità energetica rinnovabile,COMUNITA' ENERGETICA RINNOVABILE GIA POWER,30.0,1,6,PRETORO,CHIETI,ABRUZZO,42.231590826905,14.17241714947,AC001E00451,e-distribuzione S.p.A.,2025-12-31
Comunità energetica rinnovabile,C.E.R. VALLE DEL TEVERE,55.95,9,22,TORRITA TIBERINA,ROMA,LAZIO,42.239446410245,12.613870668287,AC001E00527,e-distribuzione S.p.A.,2025-12-31
Comunità energetica rinnovabile,COOPERATIVA ELETTRICA PELIGNA A R.L.,8.0,1,3,TORRE DE' PASSERI,PESCARA,ABRUZZO,42.2447,13.9285,AC001E00455,e-distribuzione S.p.A.,2025-12-31
Comunità energetica rinnovabile,COMUNITA' ENERGETICA RINNOVABILE GENESIS,20.0,1,4,TREGLIO,CHIETI,ABRUZZO,42.261,14.4301,AC001E00449,e-distribuzione S.p.A.,2025-12-31
Comunità energetica rinnovabile,CIVITA CASTELLANA SOLARE,1023.32,43,65,CIVITA CASTELLANA,VITERBO,LAZIO,42.293825551073,12.412476517452,AC001E00536,e-distribuzione S.p.A.,2025-12-31
Comunità energetica rinnovabile,ITALIA RINNOVABILE SOCIETÀ COOPERATIVA BENEFIT,70.91,10,17,VETRALLA,VITERBO,LAZIO,42.308,12.0808,AC001E00468,e-distribuzione S.p.A.,2025-12-31
Comunità energetica rinnovabile,COMUNITA DI ENERGIA RINNOVABILE SOLIDALE ILLUMINATI SABINA ETS,10.45,2,7,CANTALUPO IN SABINA,RIETI,LAZIO,42.3102107,12.63857135,AC001E00530,e-distribuzione S.p.A.,2025-12-31
Comunità energetica rinnovabile,COMUNITA' ENERGIA RINNOVABILE VILLAMAGNA,12.27,3,6,VILLAMAGNA,CHIETI,ABRUZZO,42.3155,14.2442,AC001E00938,e-distribuzione S.p.A.,2025-12-31
Comunità energetica rinnovabile,FABRICA DI ROMA SOLARE,26.0,5,20,FABRICA DI ROMA,VITERBO,LAZIO,42.3401,12.3124,AC001E00537,e-distribuzione S.p.A.,2025-12-31
Comunità energetica rinnovabile,COMUNITA'ENERGETICA RINNOVABILE ANTRODOCO,46.53,9,36,ANTRODOCO,RIETI,LAZIO,42.412821713474,13.086745040216,AC001E00934,e-distribuzione S.p.A.,2025-12-31
Comunità energetica rinnovabile,COMUNITÀ ENERGETICA RINNOVABILE VITORCHIANO SOLARE,3.0,1,18,VITORCHIANO,VITERBO,LAZIO,42.442543312182,12.174173561937,AC001E00474,e-distribuzione S.p.A.,2025-12-31
Comunità energetica rinnovabile,RIETI CER,12.02,3,3,GRECCIO,RIETI,LAZIO,42.4604,12.7673,AC001E00933,e-distribuzione S.p.A.,2025-12-31
Comunità energetica rinnovabile,CER PESCARA,22.65,2,16,PESCARA,PESCARA,ABRUZZO,42.4746,14.1784,AC001E00946,e-distribuzione S.p.A.,2025-12-31
Comunità energetica rinnovabile,COMUNITA' ENERGETICA RINNOVABILE ANGOLANA,31.5,3,37,CITTA' SANT'ANGELO,PESCARA,ABRUZZO,42.5187,14.0582,AC001E00945,e-distribuzione S.p.A.,2025-12-31
Comunità energetica rinnovabile,COMUNITÀ ENERGETICA RINNOVABILE NARNI 1,5.0,1,24,NARNI,TERNI,UMBRIA,42.530591139817,12.510229541226,AC001E00538,e-distribuzione S.p.A.,2025-12-31
Comunità energetica rinnovabile,CER CELLENO,997.92,1,40,CELLENO,VITERBO,LAZIO,42.5388,12.1207,AC001E00475,e-distribuzione S.p.A.,2025-12-31
Comunità energetica rinnovabile,ABRUZZO CER,12.0,2,2,TOSSICIA,TERAMO,ABRUZZO,42.5691,13.6676,AC001E00942,e-distribuzione S.p.A.,2025-12-31
Comunità energetica rinnovabile,"COMUNITA' DI ENERGIA RINNOVABILE """"POLINA CER""""",99.0,1,19,BOLSENA,VITERBO,LAZIO,42.63462577,12.01893601,AC001E00475,e-distribuzione S.p.A.,2025-12-31
Comunità energetica rinnovabile,COMUNITA' ENERGETICA RINNOVABILE VALLEVIGNALE,23.0,4,5,NOTARESCO,TERAMO,ABRUZZO,42.6711,13.8661,AC001E00955,e-distribuzione S.p.A.,2025-12-31
Comunità energetica rinnovabile,ITALIA RINNOVABILE SOCIETÀ COOPERATIVA BENEFIT,17.0,1,10,ORVIETO,TERNI,UMBRIA,42.7048,12.0536,AC001E00477,e-distribuzione S.p.A.,2025-12-31
Comunità energetica rinnovabile,COMUNITA' ENERGETICA ENPAL,9.68,1,2,ORVIETO,TERNI,UMBRIA,42.7356,12.2103,AC001E00477,e-distribuzione S.p.A.,2025-12-31
Comunità energetica rinnovabile,COMUNITA' ENERGETICA ENPAL,5.0,1,2,GROSSETO,GROSSETO,TOSCANA,42.73972000123,11.109311520639,AC001E00481,e-distribuzione S.p.A.,2025-12-31
Comunità energetica rinnovabile,COMUNITÀ ENERGETICA RINNOVABILE - S.T. ENERGY SOLUTIONS,990.0,1,3,GROSSETO,GROSSETO,TOSCANA,42.7884,11.1237,AC001E00482,e-distribuzione S.p.A.,2025-12-31
Comunità energetica rinnovabile,ASSOCIAZIONE COMUNITA' ENERGETICA RINNOVABILE ELBA OVEST GRANITO,36.0,1,2,PORTOFERRAIO,LIVORNO,TOSCANA,42.800154,10.268929,AC001E00588,e-distribuzione S.p.A.,2025-12-31
Comunità energetica rinnovabile,COMUNITÀ ENERGETICA OCTOPUS ENERGY 1 ETS,49.2,1,38,ASCOLI PICENO,ASCOLI PICENO,MARCHE,42.845302770308,13.642266501506,AC001E00963,e-distribuzione S.p.A.,2025-12-31
Comunità energetica rinnovabile,COMUNITÀ ENERGETICA ALTO ORVIETANO SOCIETÀ COOPERATIVA,16.0,2,12,PARRANO,TERNI,UMBRIA,42.8672,12.1106,AC001E00493,e-distribuzione S.p.A.,2025-12-31
Comunità energetica rinnovabile,FONDAZIONE DI PARTECIPAZIONE CER ITALIA,40.0,1,5,MARTINSICURO,TERAMO,ABRUZZO,42.8803,13.9202,AC001E00960,e-distribuzione S.p.A.,2025-12-31
Comunità energetica rinnovabile,C.E.R. ORSINI GREEN POWER,200.0,2,7,SAN BENEDETTO DEL TRONTO,ASCOLI PICENO,MARCHE,42.9029,13.8912,AC001E00966,e-distribuzione S.p.A.,2025-12-31
Comunità energetica rinnovabile,COMUNITA' ENERGETICA VIA DEI PARTIGIANI,9.75,1,4,MARSCIANO,PERUGIA,UMBRIA,42.9178,12.3407,AC001E00494,e-distribuzione S.p.A.,2025-12-31
Comunità energetica rinnovabile,COMUNITÀ ENERGETICA RINNOVABILE - S.T. ENERGY SOLUTIONS,992.0,1,31,SAN BENEDETTO DEL TRONTO,ASCOLI PICENO,MARCHE,42.9525,13.8582,AC001E00968,e-distribuzione S.p.A.,2025-12-31
Comunità energetica rinnovabile,COMUNITÀ ENERGETICA RINNOVABILE DINAMO E.T.S.,200.0,2,3,ACQUAVIVA PICENA,ASCOLI PICENO,MARCHE,42.95437531398,13.843393581165,AC001E00968,e-distribuzione S.p.A.,2025-12-31
Comunità energetica rinnovabile,EUREKA CER SOCIETA' COOPERATIVA,3.0,1,2,PIOMBINO,LIVORNO,TOSCANA,42.9606,10.6403,AC001E00574,e-distribuzione S.p.A.,2025-12-31
Comunità energetica rinnovabile,LA FONTE COOPERATIVA DI COMUNITÀ,6.0,1,6,BETTONA,PERUGIA,UMBRIA,43.014,12.4837,AC001E00544,e-distribuzione S.p.A.,2025-12-31
Comunità energetica rinnovabile,COMUNITÀ ENERGETICA RINNOVABILE DEL TRASIMENO SOC. COOP,199.75,1,9,CASTIGLIONE DEL LAGO,PERUGIA,UMBRIA,43.072243101739,12.066616752436,AC001E00497,e-distribuzione S.p.A.,2025-12-31
Comunità energetica rinnovabile,COMUNITÀ ENERGETICA GASTRONOMICA,90.0,1,4,CAMPOFILONE,FERMO,MARCHE,43.092969326418,13.818531056289,AC001E00971,e-distribuzione S.p.A.,2025-12-31
Comunità energetica rinnovabile,COMUNITÀ ENERGETICA DI PONTE FELCINO,107.8,1,3,PERUGIA,PERUGIA,UMBRIA,43.1225,12.4396,AC001E00554,e-distribuzione S.p.A.,2025-12-31
Comunità energetica rinnovabile,COMUNITÀ ENERGETICA TORRITA DI SIENA,39.06,1,2,TORRITA DI SIENA,SIENA,TOSCANA,43.1699,11.7768,AC001E00499,e-distribuzione S.p.A.,2025-12-31
Comunità energetica rinnovabile,COMUNITA' ENERGETICA RINNOVABILE MONTE URANO,182.25,1,2,MONTE URANO,FERMO,MARCHE,43.1893,13.6776,AC001E00974,e-distribuzione S.p.A.,2025-12-31
Comunità energetica rinnovabile,INSPIRE ENERGY COMMUNITY CENTRO SUD,16.0,3,3,GUALDO TADINO,PERUGIA,UMBRIA,43.2615,12.749,AC001E00561,e-distribuzione S.p.A.,2025-12-31
Comunità energetica rinnovabile,COMUNITÀ ENERGETICA RINNOVABILE CRETE SENESI,100.0,1,20,RAPOLANO TERME,SIENA,TOSCANA,43.284507782439,11.604242672587,AC001E00503,e-distribuzione S.p.A.,2025-12-31
Comunità energetica rinnovabile,"COMUNITÀ ENERGETICA RINNOVABILE """"SIENAENERGIE"""" ETS",832.1,4,33,SIENA,SIENA,TOSCANA,43.2848,11.3746,AC001E00491,e-distribuzione S.p.A.,2025-12-31
Comunità energetica rinnovabile,ASSOCIAZIONE COMUNITA ENERGETICA GUBBIO-CASTIGLIONE,999.0,1,41,GUBBIO,PERUGIA,UMBRIA,43.2925,12.4833,AC001E00564,e-distribuzione S.p.A.,2025-12-31
Comunità energetica rinnovabile,COMUNITÀ ENERGETICA RINNOVABILE SOLIDALE ALTA COSTA ETRUSCA ETS,10.0,1,3,CASALE MARITTIMO,PISA,TOSCANA,43.2956,10.5751,AC001E00581,e-distribuzione S.p.A.,2025-12-31
Comunità energetica rinnovabile,COMUNITA' ENERGETICA VALSERENA,19.32,1,7,GUARDISTALLO,PISA,TOSCANA,43.3161467158025,10.5873870849609,AC001E00581,e-distribuzione S.p.A.,2025-12-31
Comunità energetica rinnovabile,"COMUNITÀ ENERGETICA RINNOVABILE """"SIENAENERGIE"""" ETS",10.0,1,13,SIENA,SIENA,TOSCANA,43.317,11.3559,AC001E00513,e-distribuzione S.p.A.,2025-12-31
Comunità energetica rinnovabile,FONDAZIONE DI PARTECIPAZIONE CER ITALIA,4.0,1,6,CASTIGLION FIORENTINO,AREZZO,TOSCANA,43.3506,11.8986,AC001E00519,e-distribuzione S.p.A.,2025-12-31
Comunità energetica rinnovabile,COMUNITA' ENERGETICA RINNOVABILE GUBBIO 1,26.0,4,9,GUBBIO,PERUGIA,UMBRIA,43.355037782777,12.566450492556,AC001E00564,e-distribuzione S.p.A.,2025-12-31
Comunità energetica rinnovabile,"COMUNITÀ ENERGETICA RINNOVABILE """"SIENAENERGIE"""" ETS",27.62,1,11,MONTERIGGIONI,SIENA,TOSCANA,43.3808,11.2729,AC001E00514,e-distribuzione S.p.A.,2025-12-31
Comunità energetica rinnovabile,ENERGETICACER ETS,6.0,1,6,ROSIGNANO MARITTIMO,LIVORNO,TOSCANA,43.4078,10.4743,AC001E00591,e-distribuzione S.p.A.,2025-12-31
Comunità energetica rinnovabile,ASS.NE COMUNITA' ENERGETICA RINNOVABILE GAIOLE IN CHIANTI,26.7,2,12,GAIOLE IN CHIANTI,SIENA,TOSCANA,43.4328,11.3988,AC001E00516,e-distribuzione S.p.A.,2025-12-31
Comunità energetica rinnovabile,COMUNITA' ENERGETICA ENPAL,5.0,1,2,ROSIGNANO MARITTIMO,LIVORNO,TOSCANA,43.4356,10.4661,AC001E00591,e-distribuzione S.p.A.,2025-12-31
Comunità energetica rinnovabile,ASS.NE COMUNITA' ENERGETICA RINNOVABILE GAIOLE IN CHIANTI,3.0,1,6,GAIOLE IN CHIANTI,SIENA,TOSCANA,43.4504,11.5314,AC001E00515,e-distribuzione S.p.A.,2025-12-31
Comunità energetica rinnovabile,ASS.NE COMUNITA' ENERGETICA RINNOVABILE GAIOLE IN CHIANTI,8.0,1,4,GAIOLE IN CHIANTI,SIENA,TOSCANA,43.451,11.4451,AC001E00516,e-distribuzione S.p.A.,2025-12-31
Comunità energetica rinnovabile,COMUNITA' ENERGETICA RINNOVABILE FONTE VENEZIANA,107.42,3,2,AREZZO,AREZZO,TOSCANA,43.461419398712,11.891604819631,AC001E00522,e-distribuzione S.p.A.,2025-12-31
Comunità energetica rinnovabile,CER SAN GIMIGNANO,4.4,1,11,SAN GIMIGNANO,SIENA,TOSCANA,43.4617,11.0348,AC001E00583,e-distribuzione S.p.A.,2025-12-31
Comunità energetica rinnovabile,CER POGGIBONSI,3.0,1,16,POGGIBONSI,SIENA,TOSCANA,43.470307343393,11.148641757271,AC001E00583,e-distribuzione S.p.A.,2025-12-31
Comunità energetica rinnovabile,COMUNITA' ENERGETICA MONASTERO DI CELLOLE,20.0,1,20,SAN GIMIGNANO,SIENA,TOSCANA,43.485046225,11.005557425,AC001E00582,e-distribuzione S.p.A.,2025-12-31
Comunità energetica rinnovabile,COMUNITA' ECOENERGETICA SOLIDALE ENTE DEL TERZO SETTORE,19.78,1,19,SANTA MARIA NUOVA,ANCONA,MARCHE,43.4881,13.3202,AC001E00986,e-distribuzione S.p.A.,2025-12-31
Comunità energetica rinnovabile,COMUNITA' ENERGETICA CER PIÙ GREEN SOCIETA' COOPERATIVA,6.0,1,2,CASTELBELLINO,ANCONA,MARCHE,43.5017,13.1564,AC001E00985,e-distribuzione S.p.A.,2025-12-31
Comunità energetica rinnovabile,CER LAB MARCHE,88.0,1,2,CASTELBELLINO,ANCONA,MARCHE,43.502088524657,13.166793706946,AC001E00985,e-distribuzione S.p.A.,2025-12-31
Comunità energetica rinnovabile,CER ENERGIE FUTURE,6.0,1,2,MAIOLATI SPONTINI,ANCONA,MARCHE,43.504815513038,13.128248300929,AC001E00985,e-distribuzione S.p.A.,2025-12-31
Comunità energetica rinnovabile,CER COOPERATIVA PERUGIA GREEN ENERGY,120.0,1,5,CITTA' DI CASTELLO,PERUGIA,UMBRIA,43.5055,12.2046,AC001E00568,e-distribuzione S.p.A.,2025-12-31
Comunità energetica rinnovabile,JESI ENERGIE DI COMUNITA' ETS,6.0,1,5,JESI,ANCONA,MARCHE,43.5117,13.276,AC001E00986,e-distribuzione S.p.A.,2025-12-31
Comunità energetica rinnovabile,COMUNITÀ ENERGETICA RINNOVABILE SOLE ENERGIA COMMUNITY,10.0,1,2,PECCIOLI,PISA,TOSCANA,43.526504663872,10.74202489522,AC001E00584,e-distribuzione S.p.A.,2025-12-31
Comunità energetica rinnovabile,ASSOCIAZIONE COMUNITA' ENERGETICA DEL NORD,20.0,1,2,TERRICCIOLA,PISA,TOSCANA,43.527738656472,10.702309230317,AC001E00584,e-distribuzione S.p.A.,2025-12-31
Comunità energetica rinnovabile,COMUNITA' ENERGETICA IRIS SOCIETA' COOPERATIVA SPA,20.0,1,2,MONTEVARCHI,AREZZO,TOSCANA,43.5298,11.5709,AC001E00517,e-distribuzione S.p.A.,2025-12-31
Comunità energetica rinnovabile,LA NOSTRA COMUNITA' ENERGETICA RINNOVABILE SOCIETA' COOPERATIVA,55.0,1,2,JESI,ANCONA,MARCHE,43.5397,13.2753,AC001E00986,e-distribuzione S.p.A.,2025-12-31
Comunità energetica rinnovabile,FONDAZIONE USIL - SOLE IN COMUNE E.T.S.,20.0,1,6,LIVORNO,LIVORNO,TOSCANA,43.5544,10.3182,AC001E00592,e-distribuzione S.p.A.,2025-12-31
Comunità energetica rinnovabile,CER ENERGIE FUTURE,6.0,1,4,ANCONA,ANCONA,MARCHE,43.554462363736,13.577425607283,AC001E00983,e-distribuzione S.p.A.,2025-12-31
Comunità energetica rinnovabile,COMUNITA' ENERGETICA L.G.M. S.R.L. IMPRESA SOCIALE,110.0,1,4,AGUGLIANO,ANCONA,MARCHE,43.5571,13.3456,AC001E00990,e-distribuzione S.p.A.,2025-12-31
Comunità energetica rinnovabile,CER ENERGIE FUTURE,15.0,4,16,ANCONA,ANCONA,MARCHE,43.570479971157,13.520572918244,AC001E00987,e-distribuzione S.p.A.,2025-12-31
Comunità energetica rinnovabile,COMUNITÀ ENERGETICA RINNOVABILE TOSCANA,19.19,1,3,PECCIOLI,PISA,TOSCANA,43.5707,10.7055,AC001E00584,e-distribuzione S.p.A.,2025-12-31
Comunità energetica rinnovabile,CER VALDERA ETS,19.8,1,13,CAPANNOLI,PISA,TOSCANA,43.5853,10.6304,AC001E00587,e-distribuzione S.p.A.,2025-12-31
Comunità energetica rinnovabile,ASSOCIAZIONE CERCONERO,5.8,1,6,ANCONA,ANCONA,MARCHE,43.5883,13.5496,AC001E00988,e-distribuzione S.p.A.,2025-12-31
Comunità energetica rinnovabile,ASSOCIAZIONE COMUNITÀ ENERGETICA FALCONARA,80.0,1,51,FALCONARA MARITTIMA,ANCONA,MARCHE,43.603216162372,13.363538239525,AC001E00990,e-distribuzione S.p.A.,2025-12-31
Comunità energetica rinnovabile,ENERGETICACER ETS,8.44,2,3,FIGLINE E INCISA VALDARNO,FIRENZE,TOSCANA,43.6318,11.452,AC001E00642,e-distribuzione S.p.A.,2025-12-31
Comunità energetica rinnovabile,MARCHENERGY-COMMUNITY,9.0,2,2,URBANIA,PESARO E URBINO,MARCHE,43.671857246045,12.523511588817,AC001E00570,e-distribuzione S.p.A.,2025-12-31
Comunità energetica rinnovabile,ERRE ENERGY COMMUNITY,155.0,2,5,MONTESPERTOLI,FIRENZE,TOSCANA,43.680729909651,11.124905800039,AC001E00615,e-distribuzione S.p.A.,2025-12-31
Comunità energetica rinnovabile,ASSOCIAZIONE COMUNITÀ ENERGETICA RINNOVABILE PINOCCHIO,100.0,1,12,SAN MINIATO,PISA,TOSCANA,43.692616184462,10.827779054204,AC001E00586,e-distribuzione S.p.A.,2025-12-31
Comunità energetica rinnovabile,COMUNITA' ENERGETICA ENPAL,3.68,1,2,EMPOLI,FIRENZE,TOSCANA,43.7012,10.9846,AC001E00607,e-distribuzione S.p.A.,2025-12-31
Comunità energetica rinnovabile,COMUNITÀ ENERGETICA RINNOVABILE TOSCANA,16.8,2,1,PISA,PISA,TOSCANA,43.704360673998,10.400383896381,AC001E00593,e-distribuzione S.p.A.,2025-12-31
Comunità energetica rinnovabile,SIEVENERGIA SOCIETA' COOPERATIVA,3.48,1,2,BAGNO A RIPOLI,FIRENZE,TOSCANA,43.718283392358,11.295889835477,AC001E00634,e-distribuzione S.p.A.,2025-12-31
Comunità energetica rinnovabile,LEATHER C.E.R.- COMUNITA' ENERGETICA RINNOVABILE,340.0,1,8,SANTA CROCE SULL'ARNO,PISA,TOSCANA,43.722366793742,10.759892932904,AC001E00611,e-distribuzione S.p.A.,2025-12-31
Comunità energetica rinnovabile,COMUNITA' ENERGETICA RINNOVABILE CASENTINO,57.62,1,2,CASTEL SAN NICCOLO',AREZZO,TOSCANA,43.743548186048,11.707362498415,AC001E00644,e-distribuzione S.p.A.,2025-12-31
Comunità energetica rinnovabile,SIEVENERGIA SOCIETA' COOPERATIVA,6.0,1,6,BAGNO A RIPOLI,FIRENZE,TOSCANA,43.7492,11.3238,AC001E00636,e-distribuzione S.p.A.,2025-12-31
Comunità energetica rinnovabile,COMUNITA' ENERGETICA ENPAL,5.0,1,2,SCANDICCI,FIRENZE,TOSCANA,43.7674,11.1712,AC001E00619,e-distribuzione S.p.A.,2025-12-31
Comunità energetica rinnovabile,SIEVENERGIA SOCIETA' COOPERATIVA,9.75,1,12,PONTASSIEVE,FIRENZE,TOSCANA,43.7733,11.427,AC001E00645,e-distribuzione S.p.A.,2025-12-31
Comunità energetica rinnovabile,ASSOCIAZIONE COMUNITA' ENERGETICA RINNOVABILE CNA FIRENZE PER L'AMBIENTE,15.0,1,6,PONTASSIEVE,FIRENZE,TOSCANA,43.774190116916,11.418833799116,AC001E00645,e-distribuzione S.p.A.,2025-12-31
Comunità energetica rinnovabile,COMUNITÀ ENERGETICA BASE,3.0,1,5,FIRENZE,FIRENZE,TOSCANA,43.7875,11.2687,AC001E00652,e-distribuzione S.p.A.,2025-12-31
Comunità energetica rinnovabile,FANO BE GREEN ENTE DEL TERZO SETTORE,328.4,4,11,FANO,PESARO E URBINO,MARCHE,43.797415689243,13.013140435176,AC001E00781,e-distribuzione S.p.A.,2025-12-31
Comunità energetica rinnovabile,COMUNITÀ ENERGETICA RINNOVABILE CITTÀ DEL SOLE,4.35,1,9,PIETRARUBBIA,PESARO E URBINO,MARCHE,43.80266825,12.3845607,AC001E00573,e-distribuzione S.p.A.,2025-12-31
Comunità energetica rinnovabile,RIGENERA-CER,60.0,1,4,SAN REMO,IMPERIA,LIGURIA,43.826047384099,7.829127808953,AC015E00001,AMAIE SPA,2025-12-31
Comunità energetica rinnovabile,INSPIRE ENERGY COMMUNITY CENTRONORD,16.0,3,3,CHIESINA UZZANESE,PISTOIA,TOSCANA,43.85328741,10.69787425,AC001E00631,e-distribuzione S.p.A.,2025-12-31
Comunità energetica rinnovabile,"ASSOCIAZIONE COMUNITA' ENERGETICA RINNOVABILE """"CITTA' DEI FIORI""""",6.0,1,3,PESCIA,PISTOIA,TOSCANA,43.875008224698,10.699328810107,AC001E00702,e-distribuzione S.p.A.,2025-12-31
Comunità energetica rinnovabile,INSPIRE ENERGY COMMUNITY CENTRONORD,10.0,2,2,MASSAROSA,LUCCA,TOSCANA,43.8928,10.3189,AC001E00706,e-distribuzione S.p.A.,2025-12-31
Comunità energetica rinnovabile,"COMUNITA' ENERGETICA RINNOVABILE """"AGLIANA SALCETO""""",20.0,1,5,AGLIANA,PISTOIA,TOSCANA,43.902489275,10.995639735,AC001E00667,e-distribuzione S.p.A.,2025-12-31
Comunità energetica rinnovabile,C.E.R. CAPANNORI,6.0,1,4,CAPANNORI,LUCCA,TOSCANA,43.909,10.5659,AC001E00705,e-distribuzione S.p.A.,2025-12-31
Comunità energetica rinnovabile,COMUNITA' ENERGETICA ENPAL,6.0,1,2,MONTEMURLO,PRATO,TOSCANA,43.9504,11.0553,AC001E00709,e-distribuzione S.p.A.,2025-12-31
Comunità energetica rinnovabile,COMUNITA' ENERGETICHE RINNOVABILI QUAREGNA CERRETO,39.06,2,15,ANDORA,SAVONA,LIGURIA,43.96592255,8.135169446,AC001E01024,e-distribuzione S.p.A.,2025-12-31
Comunità energetica rinnovabile,CER CLOROFILLA,27.0,1,2,MISANO ADRIATICO,RIMINI,EMILIA ROMAGNA,43.9772,12.6388,AC001E00771,e-distribuzione S.p.A.,2025-12-31
Comunità energetica rinnovabile,COMUNITA' ENERGETICA RINNOVABILE RICCIONE SOLARE,49.99,1,6,RICCIONE,RIMINI,EMILIA ROMAGNA,43.988,12.6151,AC001E00771,e-distribuzione S.p.A.,2025-12-31
Comunità energetica rinnovabile,COOPERATIVA ENERGIA CONDIVISA - SOCIETÁ BENEFIT,50.0,1,3,CASANOVA LERRONE,SAVONA,LIGURIA,44.0372,8.0759,AC001E01025,e-distribuzione S.p.A.,2025-12-31
Comunità energetica rinnovabile,ASSOCIAZIONE COMUNITA' ENERGETICA RINNOVABILE DI CAPO MELE,19.44,1,8,VILLANOVA D'ALBENGA,SAVONA,LIGURIA,44.0417,8.0947,AC001E01025,e-distribuzione S.p.A.,2025-12-31
Comunità energetica rinnovabile,CER ITALIA NAZIONALE,15.0,1,3,CARRARA,MASSA-CARRARA,TOSCANA,44.042,10.058,AC001E00603,e-distribuzione S.p.A.,2025-12-31
Comunità energetica rinnovabile,EUREKA CER SOCIETA' COOPERATIVA,4.0,1,2,RIMINI,RIMINI,EMILIA ROMAGNA,44.0823,12.5014,AC001E00789,e-distribuzione S.p.A.,2025-12-31
Comunità energetica rinnovabile,COMUNITÀ ENERGETICA RINNOVABILE SARZANA GREEN ETS,100.0,1,4,SARZANA,LA SPEZIA,LIGURIA,44.10529384115,9.965276452697,AC001E00604,e-distribuzione S.p.A.,2025-12-31
Comunità energetica rinnovabile,CER GEA FIRENZUOLA,10.0,1,2,FIRENZUOLA,FIRENZE,TOSCANA,44.1406,11.4579,AC001E00669,e-distribuzione S.p.A.,2025-12-31
Comunità energetica rinnovabile,INSPIRE ENERGY COMMUNITY CENTRONORD,11.0,2,2,SAN ROMANO IN GARFAGNANA,LUCCA,TOSCANA,44.1457,10.3729,AC001E00718,e-distribuzione S.p.A.,2025-12-31
Comunità energetica rinnovabile,COOPERATIVA ENERGIA CONDIVISA - SOCIETÁ BENEFIT,4.3,1,2,BORGIO VEREZZI,SAVONA,LIGURIA,44.157050752154,8.304239059009,AC001E01037,e-distribuzione S.p.A.,2025-12-31
Comunità energetica rinnovabile,COOPERATIVA ENERGIA CONDIVISA - SOCIETÁ BENEFIT,5.0,1,2,FINALE LIGURE,SAVONA,LIGURIA,44.1793,8.3405,AC001E01038,e-distribuzione S.p.A.,2025-12-31
Comunità energetica rinnovabile,COMUNITA' ENERGETICA ENPAL,6.0,1,2,FANANO,MODENA,EMILIA ROMAGNA,44.2034,10.7573,AC011E00002,INRETE Distribuzione Energia S.p.A.,2025-12-31
Comunità energetica rinnovabile,INSPIRE ENERGY COMMUNITY CENTRONORD,10.0,2,2,PODENZANA,MASSA-CARRARA,TOSCANA,44.2098,9.9227,AC001E00726,e-distribuzione S.p.A.,2025-12-31
Comunità energetica rinnovabile,INSPIRE ENERGY COMMUNITY CENTRONORD,11.0,2,2,CASOLA IN LUNIGIANA,MASSA-CARRARA,TOSCANA,44.2114,10.1854,AC001E00730,e-distribuzione S.p.A.,2025-12-31
Comunità energetica rinnovabile,COMUNITA' ENERGETICA ENPAL,5.0,1,2,FORLI',FORLI'-CESENA,EMILIA ROMAGNA,44.2327,12.1311,AC001E00682,e-distribuzione S.p.A.,2025-12-31
Comunità energetica rinnovabile,COMUNITÀ ENERGETICA VADO LIGURE - QUILIANO,999.53,1,3,QUILIANO,SAVONA,LIGURIA,44.277025947598,8.43424244795,AC001E01040,e-distribuzione S.p.A.,2025-12-31
Comunità energetica rinnovabile,COMUNITA' ENERGETICA RINNOVABILE CER-A,10.0,1,5,ROCCAFORTE MONDOVI',CUNEO,PIEMONTE,44.2963,7.7474,AC001E01039,e-distribuzione S.p.A.,2025-12-31
Comunità energetica rinnovabile,COMUNITA' ENERGETICA COOPERATIVA CIRCONDARIO IMOLESE,99.0,1,3,IMOLA,BOLOGNA,EMILIA ROMAGNA,44.3267,11.5943,AC011E00009,INRETE Distribuzione Energia S.p.A.,2025-12-31
Comunità energetica rinnovabile,INSPIRE ENERGY COMMUNITY CENTRONORD,12.0,2,2,FILATTIERA,MASSA-CARRARA,TOSCANA,44.3313,9.932,AC001E00727,e-distribuzione S.p.A.,2025-12-31
Comunità energetica rinnovabile,COMUNITA' ENERGETICA RINNOVABILE DEL CUNEESE ENTE DEL TERZO SETTORE,34.0,2,5,BORGO SAN DALMAZZO,CUNEO,PIEMONTE,44.3319,7.4869,AC001E01046,e-distribuzione S.p.A.,2025-12-31
Comunità energetica rinnovabile,COMUNITA' ENERGETICA RINNOVABILE CER-A,19.9,1,11,BOVES,CUNEO,PIEMONTE,44.3326588049546,7.5638723373413,AC001E01046,e-distribuzione S.p.A.,2025-12-31
Comunità energetica rinnovabile,COMUNITA' ENERGETICA RINNOVABILE ECOSOM,19.5,2,6,RITTANA,CUNEO,PIEMONTE,44.35,7.4,AC001E01032,e-distribuzione S.p.A.,2025-12-31
Comunità energetica rinnovabile,MONDOCER,32.0,2,5,VILLANOVA MONDOVI',CUNEO,PIEMONTE,44.353793742899,7.765364410863,AC001E01047,e-distribuzione S.p.A.,2025-12-31
Comunità energetica rinnovabile,CER SOAVE SOCIETA' COOPERATIVA,6.0,1,2,ROCCAVIGNALE,SAVONA,LIGURIA,44.3574,8.1652,AC001E01041,e-distribuzione S.p.A.,2025-12-31
Comunità energetica rinnovabile,CERQUITY SOC. COOP.,19.2,1,3,CUNEO,CUNEO,PIEMONTE,44.3654,7.528,AC001E01046,e-distribuzione S.p.A.,2025-12-31
Comunità energetica rinnovabile,WEVEZ SOC. COOP.,800.0,1,5,IMOLA,BOLOGNA,EMILIA ROMAGNA,44.37609741668,11.730793431276,AC011E00009,INRETE Distribuzione Energia S.p.A.,2025-12-31
Comunità energetica rinnovabile,CER SVEA SOLAR NORD1 ETS,5.0,1,2,SASSO MARCONI,BOLOGNA,EMILIA ROMAGNA,44.3814,11.2366,AC001E00681,e-distribuzione S.p.A.,2025-12-31
Comunità energetica rinnovabile,COMUNITA' ENERGETICA RINNOVABILE CER-A,20.0,1,14,CUNEO,CUNEO,PIEMONTE,44.3896,7.5388,AC001E01054,e-distribuzione S.p.A.,2025-12-31
Comunità energetica rinnovabile,COMUNITA' ENERGETICA RINNOVABILE SOLIDALE LIBERA ECOLOGICA,19.6,1,7,GENOVA,GENOVA,LIGURIA,44.3903,8.9695,AC001E01092,e-distribuzione S.p.A.,2025-12-31
Comunità energetica rinnovabile,ASSOCIAZIONE CERS E' RENO,3.0,1,13,SASSO MARCONI,BOLOGNA,EMILIA ROMAGNA,44.4064,11.253,AC001E00681,e-distribuzione S.p.A.,2025-12-31
Comunità energetica rinnovabile,WEVEZ SOC. COOP.,100.0,1,3,CASTEL SAN PIETRO TERME,BOLOGNA,EMILIA ROMAGNA,44.4358,11.604,AC001E00678,e-distribuzione S.p.A.,2025-12-31
Comunità energetica rinnovabile,COMUNITA' ENERGETICA RINNOVABILE ECOLOGIA INTEGRALE SOC. COOP.,39.4,1,6,BAGNACAVALLO,RAVENNA,EMILIA ROMAGNA,44.448890222446,12.055883953374,AC001E00798,e-distribuzione S.p.A.,2025-12-31
Comunità energetica rinnovabile,COMUNITA' ENERGETICA RINNOVABILE ENERGY CITY HALL,31.8,3,8,MAGLIANO ALPI,CUNEO,PIEMONTE,44.457960363691,7.799615630787,AC001E01059,e-distribuzione S.p.A.,2025-12-31
Comunità energetica rinnovabile,CER FOSSANO 1062-SAN GIOVENALE,99.0,1,2,MONTANERA,CUNEO,PIEMONTE,44.466746065052,7.675365818513,AC001E01062,e-distribuzione S.p.A.,2025-12-31
Comunità energetica rinnovabile,ASSOCIAZIONE L'ADRECH CER,999.35,1,10,VILLAR SAN COSTANZO,CUNEO,PIEMONTE,44.4733,7.4006,AC001E01055,e-distribuzione S.p.A.,2025-12-31
Comunità energetica rinnovabile,COMUNITA' ENERGETICA RINNOVABILE CER-A,9.9,1,4,VILLAR SAN COSTANZO,CUNEO,PIEMONTE,44.4735041150543,7.39559590816497,AC001E01055,e-distribuzione S.p.A.,2025-12-31
Comunità energetica rinnovabile,COMUNITA' ENERGETICA RINNOVABILE CER-A,8.2,1,7,CARRU',CUNEO,PIEMONTE,44.4793,7.8708,AC001E01059,e-distribuzione S.p.A.,2025-12-31
Comunità energetica rinnovabile,COMUNITA' ENERGETICA ENPAL,6.0,1,2,BEDONIA,PARMA,EMILIA ROMAGNA,44.487669851858,9.604188506307,AC001E01084,e-distribuzione S.p.A.,2025-12-31
Comunità energetica rinnovabile,COMUNITA' ENERGETICA COOPERATIVA BASSA ROMAGNA E ROMAGNA FAENTINA,10.0,1,6,LUGO,RAVENNA,EMILIA ROMAGNA,44.4932,11.9192,AC001E00805,e-distribuzione S.p.A.,2025-12-31
Comunità energetica rinnovabile,ENERGIA DELLE ALPI COMUNITA' ENERGETICA RINNOVABILE SOCIETA' COOPERATIVA,940.0,1,3,CARRU',CUNEO,PIEMONTE,44.4952,7.884,AC001E01059,e-distribuzione S.p.A.,2025-12-31
Comunità energetica rinnovabile,COMUNITA' ENERGETICA COOPERATIVA RAVENNA SOCIETA' COOPERATIVA,700.0,1,10,RAVENNA,RAVENNA,EMILIA ROMAGNA,44.5051,12.1534,AC001E00814,e-distribuzione S.p.A.,2025-12-31
Comunità energetica rinnovabile,COMUNITA' ENERGETICA RINNOVABILE CER-A,100.0,2,7,SANT'ALBANO STURA,CUNEO,PIEMONTE,44.5091,7.7277,AC001E01062,e-distribuzione S.p.A.,2025-12-31
Comunità energetica rinnovabile,"COMUNITA' ENERGETICA' RINNOVABILE """"NUOVE ENERGIE ALPINE""""",20.02,1,2,BUSCA,CUNEO,PIEMONTE,44.5175,7.4699,AC001E01066,e-distribuzione S.p.A.,2025-12-31
Comunità energetica rinnovabile,COMUNITA' ENERGETICA RINNOVABILE CER-A,10.0,1,6,DOGLIANI,CUNEO,PIEMONTE,44.5342,7.9815,AC001E01063,e-distribuzione S.p.A.,2025-12-31
Comunità energetica rinnovabile,COMUNITA' ENERGETICA RINNOVABILE ROSSANA,33.88,3,12,ROSSANA,CUNEO,PIEMONTE,44.542197184152,7.43172536229,AC001E01066,e-distribuzione S.p.A.,2025-12-31
Comunità energetica rinnovabile,VAL-ENERGETICA SOCIETA' COOPERATIVA,4.0,1,9,VALBREVENNA,GENOVA,LIGURIA,44.5445,9.0474,AC001E01080,e-distribuzione S.p.A.,2025-12-31
Comunità energetica rinnovabile,COMUNITÀ ENERGETICA V.I.C.,100.0,1,1,FOSSANO,CUNEO,PIEMONTE,44.5636,7.6998,AC001E01062,e-distribuzione S.p.A.,2025-12-31
Comunità energetica rinnovabile,CONNESSA - COMUNITA' ENERGETICA RINNOVABILE - E.T.S.,250.0,1,5,FOSSANO,CUNEO,PIEMONTE,44.5646,7.7482,AC001E01062,e-distribuzione S.p.A.,2025-12-31
Comunità energetica rinnovabile,ENERGIA DELLE ALPI COMUNITA' ENERGETICA RINNOVABILE SOCIETA' COOPERATIVA,998.41,1,2,FOSSANO,CUNEO,PIEMONTE,44.59272005,7.7450042,AC001E01069,e-distribuzione S.p.A.,2025-12-31
Comunità energetica rinnovabile,E-PRODUZIONE,6.0,1,2,CASALGRANDE,REGGIO NELL'EMILIA,EMILIA ROMAGNA,44.595,10.7623,AC001E00744,e-distribuzione S.p.A.,2025-12-31
Comunità energetica rinnovabile,ASSOCIAZIONE COMUNITA' ENERGETICA RINNOVABILE  I-CARE REGGIO EMILIA,17.0,3,7,ALBINEA,REGGIO NELL'EMILIA,EMILIA ROMAGNA,44.606288408212,10.5804954891,AC001E00748,e-distribuzione S.p.A.,2025-12-31
Comunità energetica rinnovabile,CER SVEA SOLAR NORD1 ETS,5.0,1,2,SALA BOLOGNESE,BOLOGNA,EMILIA ROMAGNA,44.6097,11.2561,AC001E00756,e-distribuzione S.p.A.,2025-12-31
Comunità energetica rinnovabile,RECER CONFINDUSTRIA REGGIO EMILIA SOCIETÀ COOPERATIVA,46.75,1,7,VEZZANO SUL CROSTOLO,REGGIO NELL'EMILIA,EMILIA ROMAGNA,44.61,10.55,AC001E00736,e-distribuzione S.p.A.,2025-12-31
Comunità energetica rinnovabile,ASSOCIAZIONE COMUNITÀ ENERGETICA RINNOVABILE SUNSOLUTION,65.4,1,4,SOLIGNANO,PARMA,EMILIA ROMAGNA,44.6114,9.9776,AC001E01102,e-distribuzione S.p.A.,2025-12-31
Comunità energetica rinnovabile,CER COSTA D'OVADA,6.01,2,42,OVADA,ALESSANDRIA,PIEMONTE,44.617091593583,8.6396784753,AC001E01079,e-distribuzione S.p.A.,2025-12-31
Comunità energetica rinnovabile,SOLIDARIETÀ ELETTRICA - SOLE,3.0,1,9,MODENA,MODENA,EMILIA ROMAGNA,44.623998908617,10.903203958135,AC011E00005,INRETE Distribuzione Energia S.p.A.,2025-12-31
Comunità energetica rinnovabile,CER APPENNINO OVEST COOP.,10.0,2,5,BARDI,PARMA,EMILIA ROMAGNA,44.629581352218,9.73099486276,AC001E01103,e-distribuzione S.p.A.,2025-12-31
Comunità energetica rinnovabile,FONDAZIONE DI PARTECIPAZIONE COMUNITA' ENERGETICA RINNOVABILE ALTO MONFERRATO E.T.S.,93.0,1,3,MORNESE,ALESSANDRIA,PIEMONTE,44.637225007004,8.748382361954,AC001E01079,e-distribuzione S.p.A.,2025-12-31
Comunità energetica rinnovabile,SPAZIO C.E.R. SOCIETA' COOPERATIVA,55.0,1,3,MODENA,MODENA,EMILIA ROMAGNA,44.637752354442,10.967821809914,AC011E00013,INRETE Distribuzione Energia S.p.A.,2025-12-31
Comunità energetica rinnovabile,FONDAZIONE CER MONVISO,5.95,1,17,MONASTERO BORMIDA,ASTI,PIEMONTE,44.6397,8.3038,AC001E01064,e-distribuzione S.p.A.,2025-12-31
Comunità energetica rinnovabile,COMUNITÀ ENERGETICA RINNOVABILE MONVISO,999.6,1,37,REVELLO,CUNEO,PIEMONTE,44.6407,7.3989,AC001E01120,e-distribuzione S.p.A.,2025-12-31
Comunità energetica rinnovabile,FONDAZIONE LA TUA C.E.R.,4.0,1,5,ARGENTA,FERRARA,EMILIA ROMAGNA,44.6423207,11.80472185,AC001E00813,e-distribuzione S.p.A.,2025-12-31
Comunità energetica rinnovabile,SPAZIO C.E.R. SOCIETA' COOPERATIVA,45.0,1,2,MODENA,MODENA,EMILIA ROMAGNA,44.644798391799,10.895481459282,AC011E00007,INRETE Distribuzione Energia S.p.A.,2025-12-31
Comunità energetica rinnovabile,COMUNITA' ENERGETICA OASI GIOVANI,75.0,1,8,SAVIGLIANO,CUNEO,PIEMONTE,44.6528,7.6587,AC001E01068,e-distribuzione S.p.A.,2025-12-31
Comunità energetica rinnovabile,COMUNITA' ENERGETICA RINNOVABILE CER-A,19.35,1,5,SAVIGLIANO,CUNEO,PIEMONTE,44.6543,7.6543,AC001E01068,e-distribuzione S.p.A.,2025-12-31
Comunità energetica rinnovabile,E-PRODUZIONE,12.0,2,2,BIBBIANO,REGGIO NELL'EMILIA,EMILIA ROMAGNA,44.6549,10.4627,AC001E00736,e-distribuzione S.p.A.,2025-12-31
Comunità energetica rinnovabile,COMUNITA' ENERGETICA RINNOVABILE SOLAR VALLEY,60.0,1,18,MARENE,CUNEO,PIEMONTE,44.671530694964,7.713859836969,AC001E01068,e-distribuzione S.p.A.,2025-12-31
Comunità energetica rinnovabile,COMUNITA' ENERGETICA ENPAL,6.0,1,2,ROCCA GRIMALDA,ALESSANDRIA,PIEMONTE,44.672847508766,8.648958992515,AC001E01079,e-distribuzione S.p.A.,2025-12-31
Comunità energetica rinnovabile,EUREKA CER SOCIETA' COOPERATIVA,9.0,2,2,REGGIO NELL'EMILIA,REGGIO NELL'EMILIA,EMILIA ROMAGNA,44.673337682464,10.637000329158,AC001E00748,e-distribuzione S.p.A.,2025-12-31
Comunità energetica rinnovabile,ENERGIA DELLE ALPI COMUNITA' ENERGETICA RINNOVABILE SOCIETA' COOPERATIVA,999.6,1,4,MONASTEROLO DI SAVIGLIANO,CUNEO,PIEMONTE,44.673835641294,7.610161410452,AC001E01068,e-distribuzione S.p.A.,2025-12-31
Comunità energetica rinnovabile,COMUNITÀ ENERGETICA RINNOVABILE ROERO,6.0,1,7,ALBA,CUNEO,PIEMONTE,44.6828,8.0264,AC001E01065,e-distribuzione S.p.A.,2025-12-31
Comunità energetica rinnovabile,COMUNITA' ENERGETICA RINNOVABILE SOLAR VALLEY,999.9,1,110,CAVALLERMAGGIORE,CUNEO,PIEMONTE,44.6918,7.7367,AC001E01069,e-distribuzione S.p.A.,2025-12-31
Comunità energetica rinnovabile,COMUNITA' ENERGETICA RINNOVABILE CER-A,15.0,1,13,TREISO,CUNEO,PIEMONTE,44.694296007096,8.071662521384,AC001E01065,e-distribuzione S.p.A.,2025-12-31
Comunità energetica rinnovabile,CER GREEN VALLEY ETS,220.0,1,9,ARQUATA SCRIVIA,ALESSANDRIA,PIEMONTE,44.698,8.8731,AC001E01107,e-distribuzione S.p.A.,2025-12-31
Comunità energetica rinnovabile,COMUNITÀ ENERGETICA RINNOVABILE ROERO,6.0,1,11,BRA,CUNEO,PIEMONTE,44.707884157406,7.827509598726,AC001E01118,e-distribuzione S.p.A.,2025-12-31
Comunità energetica rinnovabile,RECER CONFINDUSTRIA REGGIO EMILIA SOCIETÀ COOPERATIVA,114.0,3,18,REGGIO NELL'EMILIA,REGGIO NELL'EMILIA,EMILIA ROMAGNA,44.7088,10.6148,AC001E00749,e-distribuzione S.p.A.,2025-12-31
Comunità energetica rinnovabile,COMUNITÀ ENERGETICA RINNOVABILE MONTICELLO D'ALBA,47.56,1,6,MONTICELLO D'ALBA,CUNEO,PIEMONTE,44.7158,7.9533,AC001E01115,e-distribuzione S.p.A.,2025-12-31
Comunità energetica rinnovabile,COMUNITA' ENERGETICA RINNOVABILE SOLAR VALLEY,233.53,4,26,GUARENE,CUNEO,PIEMONTE,44.7285,8.009,AC001E01065,e-distribuzione S.p.A.,2025-12-31
Comunità energetica rinnovabile,COMUNITA' ENERGETICA RINNOVABILE SOLAR VALLEY,966.72,11,106,NEIVE,CUNEO,PIEMONTE,44.7361,8.1273,AC001E01116,e-distribuzione S.p.A.,2025-12-31
Comunità energetica rinnovabile,COMUNITA' ENERGETICA RINNOVABILE SOLAR VALLEY,999.9,1,34,BRA,CUNEO,PIEMONTE,44.739,7.7898,AC001E01123,e-distribuzione S.p.A.,2025-12-31
Comunità energetica rinnovabile,RECER CONFINDUSTRIA REGGIO EMILIA SOCIETÀ COOPERATIVA,960.0,1,5,REGGIO NELL'EMILIA,REGGIO NELL'EMILIA,EMILIA ROMAGNA,44.7404,10.5077,AC001E01218,e-distribuzione S.p.A.,2025-12-31
Comunità energetica rinnovabile,COMUNITA' ENERGETICA COOPERATIVA LUMEN SOCIETA' COOPERATIVA,900.0,1,23,CAVALLERLEONE,CUNEO,PIEMONTE,44.7472,7.6761,AC001E01121,e-distribuzione S.p.A.,2025-12-31
Comunità energetica rinnovabile,COMUNITÀ ENERGETICA RINNOVABILE ROERO,6.0,1,44,SOMMARIVA PERNO,CUNEO,PIEMONTE,44.7475,7.907,AC001E01115,e-distribuzione S.p.A.,2025-12-31
Comunità energetica rinnovabile,COMUNITA' ENERGETICA STAFFORA UNO,200.0,1,74,SANTA MARGHERITA DI STAFFORA,PAVIA,LOMBARDIA,44.7533,9.2388,AC001E01105,e-distribuzione S.p.A.,2025-12-31
Comunità energetica rinnovabile,CENTO COMUNITA ENERGETICA RINNOVABILE ETS,917.0,1,11,CENTO,FERRARA,EMILIA ROMAGNA,44.75633499434,11.307265083914,AC001E00758,e-distribuzione S.p.A.,2025-12-31
Comunità energetica rinnovabile,COMUNITÀ ENERGETICA RINNOVABILE EYCO SOCIETÀ COOPERATIVA,19.36,1,3,BOBBIO,PIACENZA,EMILIA ROMAGNA,44.7575,9.3817,AC001E01088,e-distribuzione S.p.A.,2025-12-31
Comunità energetica rinnovabile,CER VOGHIERA,3.0,1,3,VOGHIERA,FERRARA,EMILIA ROMAGNA,44.7634,11.7454,AC001E00813,e-distribuzione S.p.A.,2025-12-31
Comunità energetica rinnovabile,COMUNITA' ENERGETICA RINNOVABILE CER-A,60.0,1,8,VEZZA D'ALBA,CUNEO,PIEMONTE,44.77911,8.00583,AC001E01124,e-distribuzione S.p.A.,2025-12-31
Comunità energetica rinnovabile,COMUNITA' ENERGETICA ENPAL,6.0,1,2,FISCAGLIA,FERRARA,EMILIA ROMAGNA,44.7959,11.9705,AC001E00826,e-distribuzione S.p.A.,2025-12-31
Comunità energetica rinnovabile,COMUNITA' ENERGETICA RINNOVABILE SOLAR VALLEY,6.0,1,5,COSTIGLIOLE D'ASTI,ASTI,PIEMONTE,44.7961,8.1665,AC001E01116,e-distribuzione S.p.A.,2025-12-31
Comunità energetica rinnovabile,PRO ETICACER - COMUNITA' ENERGETICA RINNOVABILE,6.0,1,5,COSTIGLIOLE D'ASTI,ASTI,PIEMONTE,44.799866827577,8.176369857125,AC001E01116,e-distribuzione S.p.A.,2025-12-31
Comunità energetica rinnovabile,COMUNITÀ ENERGETICA RINNOVABILE ROERO,9.35,1,8,CERESOLE ALBA,CUNEO,PIEMONTE,44.801126082801,7.819669753229,AC001E01123,e-distribuzione S.p.A.,2025-12-31
Comunità energetica rinnovabile,ELENA BORRA ENERGY - COMUNITA' DI ENERGIA RINNOVABILE,90.0,1,5,COSTIGLIOLE D'ASTI,ASTI,PIEMONTE,44.80228288431,8.13790988943,AC001E01116,e-distribuzione S.p.A.,2025-12-31
Comunità energetica rinnovabile,ENERGIA COMUNE,6.0,1,2,BIBIANA,TORINO,PIEMONTE,44.8033,7.2844,AC001E01132,e-distribuzione S.p.A.,2025-12-31
Comunità energetica rinnovabile,COMUNITÀ ENERGETICA RINNOVABILE PACHILA,6.0,1,7,BOBBIO PELLICE,TORINO,PIEMONTE,44.8059,7.1061,AC001E01132,e-distribuzione S.p.A.,2025-12-31
Comunità energetica rinnovabile,CER ALTA VAL PELLICE E.T.S.,300.0,1,163,LUSERNA SAN GIOVANNI,TORINO,PIEMONTE,44.8103414564068,7.25701689720153,AC001E01132,e-distribuzione S.p.A.,2025-12-31
Comunità energetica rinnovabile,COMUNITÁ ENERGETICA RINNOVABILE VAL PELLICE,129.6,3,57,LUSERNA SAN GIOVANNI,TORINO,PIEMONTE,44.8129,7.2538,AC001E01132,e-distribuzione S.p.A.,2025-12-31
Comunità energetica rinnovabile,FONDAZIONE DI PARTECIPAZIONE CER ITALIA,18.0,3,5,CAVOUR,TORINO,PIEMONTE,44.8154,7.3841,AC001E01136,e-distribuzione S.p.A.,2025-12-31
Comunità energetica rinnovabile,COMUNITÀ ENERGETICA RINNOVABILE ROERO,6.0,1,25,MONTA',CUNEO,PIEMONTE,44.816483196251,7.962572988105,AC001E01124,e-distribuzione S.p.A.,2025-12-31
Comunità energetica rinnovabile,COMUNITA' ENERGETICA RINNOVABILE SOLAR VALLEY,171.0,2,15,ISOLA D'ASTI,ASTI,PIEMONTE,44.8171,8.192,AC001E01125,e-distribuzione S.p.A.,2025-12-31
Comunità energetica rinnovabile,FONDAZIONE DI PARTECIPAZIONE REFUTURA,440.0,1,49,CADELBOSCO DI SOPRA,REGGIO NELL'EMILIA,EMILIA ROMAGNA,44.8355,10.6603,AC001E01222,e-distribuzione S.p.A.,2025-12-31
Comunità energetica rinnovabile,ENERGIA DELLE ALPI COMUNITA' ENERGETICA RINNOVABILE SOCIETA' COOPERATIVA,170.0,1,2,VIGONE,TORINO,PIEMONTE,44.8437,7.4993,AC001E01136,e-distribuzione S.p.A.,2025-12-31
Comunità energetica rinnovabile,COMUNITA' ENERGETICA RINNOVABILE SOLAR VALLEY,853.0,2,10,VIRLE PIEMONTE,TORINO,PIEMONTE,44.848,7.5778,AC001E01135,e-distribuzione S.p.A.,2025-12-31
Comunità energetica rinnovabile,COMUNITA' ENERGETICA RINNOVABILE SOLAR VALLEY,133.3,1,55,SAN DAMIANO D'ASTI,ASTI,PIEMONTE,44.8481,8.0271,AC001E01124,e-distribuzione S.p.A.,2025-12-31
Comunità energetica rinnovabile,COMUNITA' ENERGETICA ENPAL,6.0,1,2,TRAVO,PIACENZA,EMILIA ROMAGNA,44.848133469481,9.54019026619,AC001E01106,e-distribuzione S.p.A.,2025-12-31
Comunità energetica rinnovabile,RECER CONFINDUSTRIA REGGIO EMILIA SOCIETÀ COOPERATIVA,3.51,1,13,GUALTIERI,REGGIO NELL'EMILIA,EMILIA ROMAGNA,44.8566,10.6341,AC001E01222,e-distribuzione S.p.A.,2025-12-31
Comunità energetica rinnovabile,ASSOCIAZIONE COMUNITÀ ENERGETICA RINNOVABILE SUNSOLUTION,11.0,2,2,FONTEVIVO,PARMA,EMILIA ROMAGNA,44.8599128861734,10.175332725048,AC001E01112,e-distribuzione S.p.A.,2025-12-31
Comunità energetica rinnovabile,CER EMILIA OVEST SOCIETA' COOPERATIVA,300.0,1,9,PARMA,PARMA,EMILIA ROMAGNA,44.86,10.337,AC013E00004,Ireti spa,2025-12-31
Comunità energetica rinnovabile,COMUNITA' ENERGETICA RINNOVABILE SOLAR VALLEY,1017.64,3,45,CELLE ENOMONDO,ASTI,PIEMONTE,44.8639,8.1175,AC001E01144,e-distribuzione S.p.A.,2025-12-31
Comunità energetica rinnovabile,ASSOCIAZIONE COMUNITA' ENERGETICA RINNOVABILE DI SAN POSSIDONIO,6.0,2,7,SAN POSSIDONIO,MODENA,EMILIA ROMAGNA,44.883412274012,10.9870913024,AC001E01225,e-distribuzione S.p.A.,2025-12-31
Comunità energetica rinnovabile,COMUNITÀ ENERGETICA RINNOVABILE NOVRES,304.63,4,5,NOVI DI MODENA,MODENA,EMILIA ROMAGNA,44.8836,10.8931,AC001E01225,e-distribuzione S.p.A.,2025-12-31
Comunità energetica rinnovabile,COMUNITA' ENERGETICA ASTI POWER,30.0,2,7,ASTI,ASTI,PIEMONTE,44.89,8.21,AC001E01141,e-distribuzione S.p.A.,2025-12-31
Comunità energetica rinnovabile,ASSOCIAZIONE COMUNITA' ENERGETICA RINNOVABILE DI SAN POSSIDONIO,16.0,1,40,SAN POSSIDONIO,MODENA,EMILIA ROMAGNA,44.892925147383,10.990527379788,AC001E00761,e-distribuzione S.p.A.,2025-12-31
Comunità energetica rinnovabile,ASSOCIAZIONE COMUNITÀ ENERGETICA RINNOVABILE SUNSOLUTION,6.0,1,2,TRAVO,PIACENZA,EMILIA ROMAGNA,44.908,9.5775,AC001E01106,e-distribuzione S.p.A.,2025-12-31
Comunità energetica rinnovabile,COMUNITA' ENERGETICA ASTI POWER,10.0,1,4,ASTI,ASTI,PIEMONTE,44.9113,8.2032,AC001E01144,e-distribuzione S.p.A.,2025-12-31
Comunità energetica rinnovabile,COMUNITA' ENERGETICA RINNOVABILE SOLAR VALLEY,161.0,4,115,QUATTORDIO,ALESSANDRIA,PIEMONTE,44.9117,8.3937,AC001E01139,e-distribuzione S.p.A.,2025-12-31
Comunità energetica rinnovabile,ENERGIA COMUNE,5.16,1,2,AIRASCA,TORINO,PIEMONTE,44.9177784284112,7.48636186122894,AC001E01149,e-distribuzione S.p.A.,2025-12-31
Comunità energetica rinnovabile,COMUNITA' ENERGETICA ENPAL,7.92,1,2,PIOBESI TORINESE,TORINO,PIEMONTE,44.9294,7.6098,AC001E01154,e-distribuzione S.p.A.,2025-12-31
Comunità energetica rinnovabile,GOGREEN CER1,430.0,1,3,MIRANDOLA,MODENA,EMILIA ROMAGNA,44.931152005243,11.124368686492,AC001E01228,e-distribuzione S.p.A.,2025-12-31
Comunità energetica rinnovabile,"ASSOC. NON RICONOSCIUTA """"ENERGIA PER TUTTI""""",21.0,4,46,CANTALUPA,TORINO,PIEMONTE,44.950510205212,7.327258338838,AC001E01148,e-distribuzione S.p.A.,2025-12-31
Comunità energetica rinnovabile,COMUNITA' ENERGETICA RINNOVABILE FOURSIS,999.6,1,11,CHIERI,TORINO,PIEMONTE,44.9537,7.8166,AC001E01143,e-distribuzione S.p.A.,2025-12-31
Comunità energetica rinnovabile,VISIOLI ENERGIA SOLIDALE SOCIETA' COOPERATIVA A R.L. - IMPRESA SOCIALE,900.0,1,2,VIADANA,MANTOVA,LOMBARDIA,44.966682659794,10.595739269905,AC001E01232,e-distribuzione S.p.A.,2025-12-31
Comunità energetica rinnovabile,Comunità Energetica Settima,100.0,1,6,GOSSOLENGO,PIACENZA,EMILIA ROMAGNA,44.97,9.65,AC001E01106,e-distribuzione S.p.A.,2025-12-31
Comunità energetica rinnovabile,COMUNITÀ ENERGETICA RINNOVABILE DI TRECENTA ENTE DEL TERZO SETTORE,89.97,1,9,FICAROLO,ROVIGO,VENETO,44.970158685451,11.432144963849,AC001E00838,e-distribuzione S.p.A.,2025-12-31
Comunità energetica rinnovabile,COMUNITA' ENERGETICA RINNOVABILE SETTIMA,900.0,1,5,GOSSOLENGO,PIACENZA,EMILIA ROMAGNA,44.9714,9.6526,AC001E01106,e-distribuzione S.p.A.,2025-12-31
Comunità energetica rinnovabile,ENERGIA COMUNE,4.92,1,2,CUMIANA,TORINO,PIEMONTE,44.984871523913,7.362176425458,AC001E01157,e-distribuzione S.p.A.,2025-12-31
Comunità energetica rinnovabile,FONDAZIONE CER MONVISO,900.0,1,3,PIOSSASCO,TORINO,PIEMONTE,44.996,7.4702,AC001E01157,e-distribuzione S.p.A.,2025-12-31
Comunità energetica rinnovabile,COMUNITA' ENERGETICA RINNOVABILE SOLAR VALLEY,923.0,5,210,ALTAVILLA MONFERRATO,ALESSANDRIA,PIEMONTE,45.0036,8.3681,AC001E01262,e-distribuzione S.p.A.,2025-12-31
Comunità energetica rinnovabile,UNIONE SOCIALE ED ENERGIA NORD,80.75,1,2,MONCALIERI,TORINO,PIEMONTE,45.007359290033,7.669139908473,AC001E01156,e-distribuzione S.p.A.,2025-12-31
Comunità energetica rinnovabile,COMUNITA ENERGETICA RINNOVABILE SOLIDALE MIRAFIORI,8.0,1,5,TORINO,TORINO,PIEMONTE,45.01,7.6279,AC020E00000,Ireti spa,2025-12-31
Comunità energetica rinnovabile,SEIVA COMUNITÀ ENERGETICA RINNOVABILE,150.0,1,1,TORINO,TORINO,PIEMONTE,45.0164,7.6151,AC020E00001,Ireti spa,2025-12-31
Comunità energetica rinnovabile,FONDAZIONE DI PARTECIPAZIONE CER ITALIA,4.6,1,2,MONCALIERI,TORINO,PIEMONTE,45.021047357014,7.694425679601,AC001E01156,e-distribuzione S.p.A.,2025-12-31
Comunità energetica rinnovabile,COMUNITÀ ENERGETICA RINNOVABILE EDOARDO AGNELLI,95.0,1,2,TORINO,TORINO,PIEMONTE,45.032059375677,7.645424905999,AC020E00002,Ireti spa,2025-12-31
Comunità energetica rinnovabile,COMUNITA' ENERGETICA CASCINA TANA,10.0,1,2,MARENTINO,TORINO,PIEMONTE,45.048633001839,7.884868381259,AC001E01263,e-distribuzione S.p.A.,2025-12-31
Comunità energetica rinnovabile,COMUNITA' ENERGETICA RINNOVABILE ROVIGO BY MATCHCREDIT,44.69,1,1,ROVIGO,ROVIGO,VENETO,45.058964949594,11.79213689258,AC001E00830,e-distribuzione S.p.A.,2025-12-31
Comunità energetica rinnovabile,COMUNITA' ENERGETICA ENPAL,15.0,1,2,POMARO MONFERRATO,ALESSANDRIA,PIEMONTE,45.0607,8.5984,AC001E01260,e-distribuzione S.p.A.,2025-12-31
Comunità energetica rinnovabile,CER SVEA SOLAR NORD1 ETS,6.0,1,2,RIVOLI,TORINO,PIEMONTE,45.0676,7.5286,AC001E01275,e-distribuzione S.p.A.,2025-12-31
Comunità energetica rinnovabile,COMUNITÀ ENERGETICA RINNOVABILE EYCO SOCIETÀ COOPERATIVA,4.0,1,2,SUSTINENTE,MANTOVA,LOMBARDIA,45.070433069519,11.018714881977,AC001E01226,e-distribuzione S.p.A.,2025-12-31
Comunità energetica rinnovabile,COOPERATIVA ENERGETICA ENERTRUST,7.0,1,3,TORINO,TORINO,PIEMONTE,45.073018383734,7.636664392257,AC020E00003,Ireti spa,2025-12-31
Comunità energetica rinnovabile,"COMUNITÀ ENERGETICA RINNOVABILE DINAMO, SOCIETÀ COOPERATIVA SPA",10.0,1,5,BARDONECCHIA,TORINO,PIEMONTE,45.076103153333,6.715504251878,AC001E01269,e-distribuzione S.p.A.,2025-12-31
Comunità energetica rinnovabile,"COMUNITÀ ENERGETICA RINNOVABILE DINAMO, SOCIETÀ COOPERATIVA SPA",31.36,2,6,BALDISSERO TORINESE,TORINO,PIEMONTE,45.0871,7.7972,AC001E01267,e-distribuzione S.p.A.,2025-12-31
Comunità energetica rinnovabile,COMUNITÀ ENERGETICA RINNOVABILE SINERGIE,9.0,2,4,TORINO,TORINO,PIEMONTE,45.0958,7.6543,AC020E00003,Ireti spa,2025-12-31
Comunità energetica rinnovabile,COMUNITÀ ENERGETICA RINNOVABILE VALLETTE,20.0,1,5,TORINO,TORINO,PIEMONTE,45.103606882088,7.630316357887,AC020E00010,Ireti spa,2025-12-31
Comunità energetica rinnovabile,Comunità Energetica Rinnovabile del Torinese Ente del Terzo Settore,100.0,1,2,ALPIGNANO,TORINO,PIEMONTE,45.1036972,7.5367973,AC001E01278,e-distribuzione S.p.A.,2025-12-31
Comunità energetica rinnovabile,COMUNITA' ENERGETICA RINNOVABILE SOLAR VALLEY,413.0,3,260,CERRINA MONFERRATO,ALESSANDRIA,PIEMONTE,45.1082,8.1989,AC001E01266,e-distribuzione S.p.A.,2025-12-31
Comunità energetica rinnovabile,"COMUNITÀ ENERGETICA RINNOVABILE DINAMO, SOCIETÀ COOPERATIVA SPA",20.0,1,2,TORINO,TORINO,PIEMONTE,45.110256623062,7.650622524158,AC020E00010,Ireti spa,2025-12-31
Comunità energetica rinnovabile,ENERGIA VEN COMUNITA' ENERGETICA RINNOVABILE,400.0,4,1,VENARIA REALE,TORINO,PIEMONTE,45.1166,7.6474,AC001E01287,e-distribuzione S.p.A.,2025-12-31
Comunità energetica rinnovabile,"COMUNITÀ ENERGETICA RINNOVABILE DINAMO, SOCIETÀ COOPERATIVA SPA",4.5,1,2,DRUENTO,TORINO,PIEMONTE,45.1314,7.5723,AC001E01286,e-distribuzione S.p.A.,2025-12-31
Comunità energetica rinnovabile,"COMUNITÀ ENERGETICA RINNOVABILE DINAMO, SOCIETÀ COOPERATIVA SPA",69.78,2,60,SETTIMO TORINESE,TORINO,PIEMONTE,45.1328,7.7384,AC001E01277,e-distribuzione S.p.A.,2025-12-31
Comunità energetica rinnovabile,INSPIRE ENERGY COMMUNITY NORD,5.0,1,2,TRAVACO' SICCOMARIO,PAVIA,LOMBARDIA,45.1401,9.1492,AC001E01189,e-distribuzione S.p.A.,2025-12-31
Comunità energetica rinnovabile,CER CIARMA,12.0,2,5,RUBIANA,TORINO,PIEMONTE,45.1414,7.3964,AC001E01274,e-distribuzione S.p.A.,2025-12-31
Comunità energetica rinnovabile,COMUNITA' ENERGETICA ENPAL,6.0,1,2,CARBONARA AL TICINO,PAVIA,LOMBARDIA,45.163646370714,9.065952556704,AC001E01187,e-distribuzione S.p.A.,2025-12-31
Comunità energetica rinnovabile,AMA ENERGIA ZERO APS,8.97,3,11,SAN GIORGIO BIGARELLO,MANTOVA,LOMBARDIA,45.164579444176,10.846396615192,AC001E01242,e-distribuzione S.p.A.,2025-12-31
Comunità energetica rinnovabile,SEMPLICER E.T.S.,19.78,1,2,SANT'ELENA,PADOVA,VENETO,45.1776,11.6922,AC001E00845,e-distribuzione S.p.A.,2025-12-31
Comunità energetica rinnovabile,CER SVEA SOLAR NORD1 ETS,5.0,1,2,PORTO MANTOVANO,MANTOVA,LOMBARDIA,45.1839,10.8087,AC001E01242,e-distribuzione S.p.A.,2025-12-31
Comunità energetica rinnovabile,CER BY CEC,80.0,1,6,GARLASCO,PAVIA,LOMBARDIA,45.188172645611,8.929483822543,AC001E01188,e-distribuzione S.p.A.,2025-12-31
Comunità energetica rinnovabile,UNIONE SOCIALE ED ENERGIA NORD,19.58,1,2,VOLPIANO,TORINO,PIEMONTE,45.203426254542,7.777491597355,AC001E01292,e-distribuzione S.p.A.,2025-12-31
Comunità energetica rinnovabile,COMUNITÀ ENERGETICA RINNOVABILE SINERGIE,15.0,1,4,CIRIE',TORINO,PIEMONTE,45.2106,7.58,AC001E01290,e-distribuzione S.p.A.,2025-12-31
Comunità energetica rinnovabile,COMUNITA' ENERGETICA ENPAL,6.0,1,2,TROMELLO,PAVIA,LOMBARDIA,45.213054705786,8.864395249227,AC001E01188,e-distribuzione S.p.A.,2025-12-31
Comunità energetica rinnovabile,COMUNITA' ENERGETICA GEM,970.0,1,3,ASOLA,MANTOVA,LOMBARDIA,45.2181,10.3972,AC001E01238,e-distribuzione S.p.A.,2025-12-31
Comunità energetica rinnovabile,INSPIRE ENERGY COMMUNITY NORD,5.0,1,2,OSTIANO,CREMONA,LOMBARDIA,45.2202,10.2571,AC001E01192,e-distribuzione S.p.A.,2025-12-31
Comunità energetica rinnovabile,COMUNITA' ENERGETICA RINNOVABILE SOLAR VALLEY,500.0,1,58,SAN BENIGNO CANAVESE,TORINO,PIEMONTE,45.224007933971,7.794516751447,AC001E01292,e-distribuzione S.p.A.,2025-12-31
Comunità energetica rinnovabile,COMUNITA' ENERGETICA RINNOVABILE SONGROEN DI BERTONICO,24.8,1,5,BERTONICO,LODI,LOMBARDIA,45.2349,9.6665,AC001E01178,e-distribuzione S.p.A.,2025-12-31
Comunità energetica rinnovabile,PRIMA COMUNITÀ ENERGETICA SAN CARLO CANAVESE / ETS,12.0,2,15,SAN CARLO CANAVESE,TORINO,PIEMONTE,45.2442,7.6093,AC001E01290,e-distribuzione S.p.A.,2025-12-31
Comunità energetica rinnovabile,COMUNITA' ENERGIA RINNOVABILE DI CAPPELLA CANTONE,6.0,1,20,CAPPELLA CANTONE,CREMONA,LOMBARDIA,45.2464,9.8387,AC001E01196,e-distribuzione S.p.A.,2025-12-31
Comunità energetica rinnovabile,COMUNITA' ENERGETICA RINNOVABILE SOLISCA,46.5,2,21,TURANO LODIGIANO,LODI,LOMBARDIA,45.2493,9.6207,AC001E01181,e-distribuzione S.p.A.,2025-12-31
Comunità energetica rinnovabile,Comunità Energetica Rinnovabile Contrada Bellevere ETS,450.0,1,4,BOVOLONE,VERONA,VENETO,45.25828755,11.14523365,AC001E00890,e-distribuzione S.p.A.,2025-12-31
Comunità energetica rinnovabile,"COMUNITÀ ENERGETICA RINNOVABILE DINAMO, SOCIETÀ COOPERATIVA SPA",6.0,1,7,LANZO TORINESE,TORINO,PIEMONTE,45.2798,7.4842,AC001E01296,e-distribuzione S.p.A.,2025-12-31
Comunità energetica rinnovabile,CER SEMPREVERDE ASSOCIAZIONE NO PROFIT,50.0,1,16,CORNEGLIANO LAUDENSE,LODI,LOMBARDIA,45.291137097111,9.476603991768,AC001E01202,e-distribuzione S.p.A.,2025-12-31
Comunità energetica rinnovabile,COMUNITA' SOLARE SOC COOP IMPRESA SOCIALE ETS,5.0,1,7,LODI,LODI,LOMBARDIA,45.29760913451,9.514910241553,AC001E01202,e-distribuzione S.p.A.,2025-12-31
Comunità energetica rinnovabile,"COMUNITÀ ENERGETICA RINNOVABILE DINAMO, SOCIETÀ COOPERATIVA SPA",6.0,1,4,COASSOLO TORINESE,TORINO,PIEMONTE,45.3014,7.4671,AC001E01295,e-distribuzione S.p.A.,2025-12-31
Comunità energetica rinnovabile,COMUNITA' ENERGETICA ENPAL,5.0,1,2,VERNATE,MILANO,LOMBARDIA,45.3087416256207,9.04179096221924,AC001E01191,e-distribuzione S.p.A.,2025-12-31
Comunità energetica rinnovabile,INSPIRE ENERGY COMMUNITY NORD,58.0,5,3,SAN GERVASIO BRESCIANO,BRESCIA,LOMBARDIA,45.3089,10.1463,AC001E01197,e-distribuzione S.p.A.,2025-12-31
Comunità energetica rinnovabile,INSPIRE ENERGY COMMUNITY NORD,5.0,1,2,CORTE PALASIO,LODI,LOMBARDIA,45.3174,9.5618,AC001E01202,e-distribuzione S.p.A.,2025-12-31
Comunità energetica rinnovabile,MY COMMUNITY CER SOC. COOP,6.0,1,2,BUBBIANO,MILANO,LOMBARDIA,45.324375735802,9.014153185734,AC001E01191,e-distribuzione S.p.A.,2025-12-31
Comunità energetica rinnovabile,COMUNITA' ENERGETICA RINNOVABILE ENERGYONE,20.0,1,2,MEDOLE,MANTOVA,LOMBARDIA,45.3248,10.5145,AC001E01249,e-distribuzione S.p.A.,2025-12-31
Comunità energetica rinnovabile,COMUNITA' ENERGETICA RINNOVABILE ENERGYONE,14.0,2,3,VEROLAVECCHIA,BRESCIA,LOMBARDIA,45.3272,10.1327,AC001E01197,e-distribuzione S.p.A.,2025-12-31
Comunità energetica rinnovabile,"ASSOCIAZIONE COMUNITA' ENERGETICA RINNOVABILE TERRITORIO E AMBIENTE IN FORMA ABBR. """"A-CERTA""""",25.4,2,9,CAMPIGLIA DEI BERICI,VICENZA,VENETO,45.3329,11.5476,AC001E00899,e-distribuzione S.p.A.,2025-12-31
Comunità energetica rinnovabile,COMUNITA' ENERGETICA ENPAL,5.0,1,2,CASTIGLIONE DELLE STIVIERE,MANTOVA,LOMBARDIA,45.349066222715,10.496513848424,AC001E01255,e-distribuzione S.p.A.,2025-12-31
Comunità energetica rinnovabile,COMUNITA' ENERGETICA VIZZOLO PREDABISSI,500.0,1,4,VIZZOLO PREDABISSI,MILANO,LOMBARDIA,45.3544994201975,9.35148713557706,AC001E01200,e-distribuzione S.p.A.,2025-12-31
Comunità energetica rinnovabile,Associazione Comunità Energetica della Morena Frontale Canavesana -Caluso 1294,4.0,1,9,BORGOMASINO,TORINO,PIEMONTE,45.356522,7.994342,AC001E01294,e-distribuzione S.p.A.,2025-12-31
Comunità energetica rinnovabile,CER GUIZZODIENERGIA ASSOCIAZIONE NON RICONOSCIUTA,3.5,1,2,PADOVA,PADOVA,VENETO,45.360532610287,11.870478422451,AC001E00886,e-distribuzione S.p.A.,2025-12-31
Comunità energetica rinnovabile,COMUNITA' ENERGETICA ENPAL,6.0,1,2,CAMPONOGARA,VENEZIA,VENETO,45.363557074731,12.100611179988,AC001E00861,e-distribuzione S.p.A.,2025-12-31
Comunità energetica rinnovabile,ASSOCIAZIONE CER VILLAFRANCA ETS,5.25,1,2,VILLAFRANCA DI VERONA,VERONA,VENETO,45.3638,10.8666,AC001E01245,e-distribuzione S.p.A.,2025-12-31
Comunità energetica rinnovabile,EUREKA CER SOCIETA' COOPERATIVA,4.0,1,2,CASTEL D'AZZANO,VERONA,VENETO,45.3704,10.9639,AC001E01247,e-distribuzione S.p.A.,2025-12-31
Comunità energetica rinnovabile,CER43-911,5.0,1,3,CAMPONOGARA,VENEZIA,VENETO,45.37113627669,12.106194818442,AC001E00861,e-distribuzione S.p.A.,2025-12-31
Comunità energetica rinnovabile,Associazione Piccolo Anfiteatro Morenico del Canavese -Strambino 1303,11.81,2,11,STRAMBINO,TORINO,PIEMONTE,45.376565361105,7.899812733708,AC001E01303,e-distribuzione S.p.A.,2025-12-31
Comunità energetica rinnovabile,INSPIRE ENERGY COMMUNITY NORD,4.4,1,3,OFFANENGO,CREMONA,LOMBARDIA,45.377,9.7396,AC001E01343,e-distribuzione S.p.A.,2025-12-31
Comunità energetica rinnovabile,ENERCER SOCIETÀ COOPERATIVA,199.89,1,22,CREMOSANO,CREMONA,LOMBARDIA,45.38102163,9.6523086,AC001E01201,e-distribuzione S.p.A.,2025-12-31
Comunità energetica rinnovabile,E-PRODUZIONE,6.0,1,2,FOSSO',VENEZIA,VENETO,45.3879,12.0489,AC001E00861,e-distribuzione S.p.A.,2025-12-31
Comunità energetica rinnovabile,VERA COMUNITÀ ENERGETICA RINNOVABILE,900.0,1,12,VERONA,VERONA,VENETO,45.388,10.9867,AC024E00000,V-RETI,2025-12-31
Comunità energetica rinnovabile,FACCIAMO ENERGIA SOCIETA' COOPERATIVA,6.67,1,4,PADOVA,PADOVA,VENETO,45.3892,11.8628,AC001E00886,e-distribuzione S.p.A.,2025-12-31
Comunità energetica rinnovabile,COMUNITA' ENERGETICA RINNOVABILE MVR COMMUNITY,8.0,1,2,MONTICHIARI,BRESCIA,LOMBARDIA,45.38926,10.43817,AC001E01255,e-distribuzione S.p.A.,2025-12-31
Comunità energetica rinnovabile,EUREKA CER SOCIETA' COOPERATIVA,6.0,1,2,VILLAFRANCA DI VERONA,VERONA,VENETO,45.393,10.9137,AC001E01259,e-distribuzione S.p.A.,2025-12-31
Comunità energetica rinnovabile,COMUNITA' ENERGETICA PARTENERGY SOC. COOP. BENEFIT A R. L.,400.0,1,2,ROVOLON,PADOVA,VENETO,45.3931,11.6246,AC001E00899,e-distribuzione S.p.A.,2025-12-31
Comunità energetica rinnovabile,COMUNITÀ ENERGETICA RINNOVABILE ASSOCIAZIONE C.E.R. RIVIERA DEL BRENTA 861,276.0,9,10,FOSSO',VENEZIA,VENETO,45.393114399069,12.050190458077,AC001E00861,e-distribuzione S.p.A.,2025-12-31
Comunità energetica rinnovabile,FONDAZIONE DI PARTECIPAZIONE CER ITALIA,6.0,1,5,CASALINO,NOVARA,PIEMONTE,45.3948,8.5363,AC001E01217,e-distribuzione S.p.A.,2025-12-31
Comunità energetica rinnovabile,"ASSOCIAZIONE COMUNITA' ENERGETICA RINNOVABILE TERRITORIO E AMBIENTE IN FORMA ABBR. """"A-CERTA""""",6.0,1,2,VAL LIONA,VICENZA,VENETO,45.398192448417,11.460847857681,AC001E00900,e-distribuzione S.p.A.,2025-12-31
Comunità energetica rinnovabile,COMUNITA' ENERGETICA ENPAL,5.0,1,2,PADOVA,PADOVA,VENETO,45.3999,11.8686,AC001E00906,e-distribuzione S.p.A.,2025-12-31
Comunità energetica rinnovabile,GIULIARI SOLARE ETS,500.0,1,1,VERONA,VERONA,VENETO,45.4088,11.0208,AC024E00002,V-RETI,2025-12-31
Comunità energetica rinnovabile,COMUNITA' ENERGETICA PARTENERGY SOC. COOP. BENEFIT A R. L.,10.0,1,28,SOMMACAMPAGNA,VERONA,VENETO,45.412259938672,10.853536390624,AC001E01258,e-distribuzione S.p.A.,2025-12-31
Comunità energetica rinnovabile,CER43-911,6.0,1,2,STRA,VENEZIA,VENETO,45.4145,11.9996,AC001E00887,e-distribuzione S.p.A.,2025-12-31
Comunità energetica rinnovabile,COMUNITA' ENERGETICA RINNOVABILE MVR COMMUNITY,5.0,1,5,MONTICHIARI,BRESCIA,LOMBARDIA,45.414750629763,10.383447255186,AC001E01252,e-distribuzione S.p.A.,2025-12-31
Comunità energetica rinnovabile,VERONA CER,80.0,1,2,CALDIERO,VERONA,VENETO,45.41676798622,11.154062753149,AC001E00895,e-distribuzione S.p.A.,2025-12-31
Comunità energetica rinnovabile,COMUNITA' ENERGETICA RINNOVABILE ENERGYONE,12.0,2,6,LONATO DEL GARDA,BRESCIA,LOMBARDIA,45.42304894813,10.53331049334,AC001E01257,e-distribuzione S.p.A.,2025-12-31
Comunità energetica rinnovabile,COMUNITA' ENERGETICA PARTENERGY SOC. COOP. BENEFIT A R. L.,11.52,2,2,PADOVA,PADOVA,VENETO,45.4252,11.873,AC001E00910,e-distribuzione S.p.A.,2025-12-31
Comunità energetica rinnovabile,FONDAZIONE SAMUELE MARGHERITI ETS,4.0,1,4,SERGNANO,CREMONA,LOMBARDIA,45.425219249644,9.703796277616,AC001E01353,e-distribuzione S.p.A.,2025-12-31
Comunità energetica rinnovabile,GENETHIC SOCIETÀ BENEFIT COOPERATIVA PER AZIONI,100.0,1,2,CUSAGO,MILANO,LOMBARDIA,45.4314,9.0492,AC001E01347,e-distribuzione S.p.A.,2025-12-31
Comunità energetica rinnovabile,Associazione Comunità Energetica del Canavese Ivrea 1315,17.85,1,31,ALBIANO D'IVREA,TORINO,PIEMONTE,45.432632345,7.95244449,AC001E01315,e-distribuzione S.p.A.,2025-12-31
Comunità energetica rinnovabile,ASSOCIAZIONE RIVIERA DEL BRENTA COMUNITA' ENERGETICA RINNOVABILE,34.4,3,12,MIRA,VENEZIA,VENETO,45.436,12.1308,AC001E00861,e-distribuzione S.p.A.,2025-12-31
Comunità energetica rinnovabile,COMUNITÀ ENERGETICA RINNOVABILE E-CER SOCIETÀ COOPERATIVA,6.0,1,4,RUBANO,PADOVA,VENETO,45.4365,11.7854,AC001E00908,e-distribuzione S.p.A.,2025-12-31
Comunità energetica rinnovabile,EUREKA CER SOCIETA' COOPERATIVA,4.0,1,2,LAVAGNO,VERONA,VENETO,45.4389,11.1332,AC001E00895,e-distribuzione S.p.A.,2025-12-31
Comunità energetica rinnovabile,CER43-909,63.06,1,3,VIGONZA,PADOVA,VENETO,45.439928861074,11.962010325846,AC001E00909,e-distribuzione S.p.A.,2025-12-31
Comunità energetica rinnovabile,COMUNITÀ ENERGETICA RINNOVABILE E-CER SOCIETÀ COOPERATIVA,5.66,1,11,MESTRINO,PADOVA,VENETO,45.4444,11.7589,AC001E00902,e-distribuzione S.p.A.,2025-12-31
Comunità energetica rinnovabile,RENERGICA SOCIETA' COOPERATIVA IMPRESA SOCIALE A R.L.,10.0,1,2,MILANO,MILANO,LOMBARDIA,45.446610662829,9.198626768402,AC012E00019,Unareti S.p.A.,2025-12-31
Comunità energetica rinnovabile,COMUNITA' ENERGETICA ENPAL,6.0,1,2,CUSAGO,MILANO,LOMBARDIA,45.4490216,9.0332519,AC001E01210,e-distribuzione S.p.A.,2025-12-31
Comunità energetica rinnovabile,FACCIAMO ENERGIA SOCIETA' COOPERATIVA,52.5,1,1,VILLAFRANCA PADOVANA,PADOVA,VENETO,45.4497,11.7722,AC001E00902,e-distribuzione S.p.A.,2025-12-31
Comunità energetica rinnovabile,comunità energetica porta romana,5.0,1,2,MILANO,MILANO,LOMBARDIA,45.4561,9.2085,AC012E00009,Unareti S.p.A.,2025-12-31
Comunità energetica rinnovabile,COMUNITÀ ENERGETICA RINNOVABILE DELL'OBELISCO,4.6,1,3,MONTEBELLO VICENTINO,VICENZA,VENETO,45.4561,11.3766,AC001E00896,e-distribuzione S.p.A.,2025-12-31
Comunità energetica rinnovabile,SOCIETÀ COOPERATIVA LUCENSE 1923 SOCIETÀ BENEFIT,999.9,1,15,VERONA,VERONA,VENETO,45.4629,10.9102,AC024E00004,V-RETI,2025-12-31
Comunità energetica rinnovabile,GENETHIC SOCIETÀ BENEFIT COOPERATIVA PER AZIONI,10.0,1,3,SEGRATE,MILANO,LOMBARDIA,45.46594285195,9.279797286391,AC001E01359,e-distribuzione S.p.A.,2025-12-31
Comunità energetica rinnovabile,FACCIAMO ENERGIA SOCIETA' COOPERATIVA,5.0,1,1,LIMENA,PADOVA,VENETO,45.466606907053,11.817926685487,AC001E00910,e-distribuzione S.p.A.,2025-12-31
Comunità energetica rinnovabile,INSPIRE ENERGY COMMUNITY NORD,4.92,1,2,CASTEL GABBIANO,CREMONA,LOMBARDIA,45.4675,9.7188,AC001E01355,e-distribuzione S.p.A.,2025-12-31
Comunità energetica rinnovabile,METTIAMO INSIEME LA NOSTRA ENERGIA APS,10.0,2,9,BOFFALORA SOPRA TICINO,MILANO,LOMBARDIA,45.469322770587,8.836292349192,AC001E01312,e-distribuzione S.p.A.,2025-12-31
Comunità energetica rinnovabile,Associazione Comunità Energetica del Canavese Ivrea1317,3.68,1,75,IVREA,TORINO,PIEMONTE,45.469803848458,7.863525300943,AC001E01317,e-distribuzione S.p.A.,2025-12-31
Comunità energetica rinnovabile,COMUNITA' ENERGETICA ENPAL,6.0,1,2,NOVARA,NOVARA,PIEMONTE,45.4769,8.6286,AC001E01309,e-distribuzione S.p.A.,2025-12-31
Comunità energetica rinnovabile,COMUNITÀ ENERGETICA RINNOVABILE EYCO SOCIETÀ COOPERATIVA,99.45,1,2,PUMENENGO,BERGAMO,LOMBARDIA,45.4771,9.8684,AC001E01360,e-distribuzione S.p.A.,2025-12-31
Comunità energetica rinnovabile,COMUNITÀ ENERGETICA RINNOVABILE EYCO SOCIETÀ COOPERATIVA,50.0,1,2,BARBATA,BERGAMO,LOMBARDIA,45.4779,9.7735,AC001E01353,e-distribuzione S.p.A.,2025-12-31
Comunità energetica rinnovabile,CER.CA.MI SOLIDALE ETS,60.0,1,7,MILANO,MILANO,LOMBARDIA,45.4784,9.2337,AC012E00009,Unareti S.p.A.,2025-12-31
Comunità energetica rinnovabile,CER43-911,11.3,2,4,VILLANOVA DI CAMPOSAMPIERO,PADOVA,VENETO,45.479905174803,11.987207164982,AC001E00911,e-distribuzione S.p.A.,2025-12-31
Comunità energetica rinnovabile,CER ITALY,9.85,1,3,VENEZIA,VENEZIA,VENETO,45.482,12.2517,AC001E00865,e-distribuzione S.p.A.,2025-12-31
Comunità energetica rinnovabile,FONDAZIONE FLANDER ITALIA E.T.S.,3.0,1,2,MILANO,MILANO,LOMBARDIA,45.482313421314,9.167744484343,AC012E00013,Unareti S.p.A.,2025-12-31
Comunità energetica rinnovabile,FONDAZIONE DI PARTECIPAZIONE CER ITALIA,10.0,1,10,BURONZO,VERCELLI,PIEMONTE,45.4832,8.2666,AC001E01316,e-distribuzione S.p.A.,2025-12-31
Comunità energetica rinnovabile,COMUNITA' ENERGETICA RINNOVABILE LOGRATESE,20.0,1,38,LOGRATO,BRESCIA,LOMBARDIA,45.4847,10.0549,AC001E01346,e-distribuzione S.p.A.,2025-12-31
Comunità energetica rinnovabile,INSPIRE ENERGY COMMUNITY NORD,5.0,1,2,CORNAREDO,MILANO,LOMBARDIA,45.48983945,9.0108457,AC001E01313,e-distribuzione S.p.A.,2025-12-31
Comunità energetica rinnovabile,COMUNITA' ENERGETICA PARTENERGY SOC. COOP. BENEFIT A R. L.,130.0,1,11,JESOLO,VENEZIA,VENETO,45.4912973052818,12.5866439938545,AC001E00804,e-distribuzione S.p.A.,2025-12-31
Comunità energetica rinnovabile,FACCIAMO ENERGIA SOCIETA' COOPERATIVA,17.0,3,3,VILLAFRANCA PADOVANA,PADOVA,VENETO,45.4932,11.8018,AC001E00914,e-distribuzione S.p.A.,2025-12-31
Comunità energetica rinnovabile,FONDAZIONE FLANDER ITALIA E.T.S.,9.0,2,12,CALVENZANO,BERGAMO,LOMBARDIA,45.493445,9.5966951,AC001E01363,e-distribuzione S.p.A.,2025-12-31
Comunità energetica rinnovabile,COMUNITA' ENERGETICA PARTENERGY SOC. COOP. BENEFIT A R. L.,500.0,1,30,VILLAFRANCA PADOVANA,PADOVA,VENETO,45.494966742347,11.804030813186,AC001E00914,e-distribuzione S.p.A.,2025-12-31
Comunità energetica rinnovabile,FONDAZIONE FLANDER ITALIA E.T.S.,6.0,1,4,CARAVAGGIO,BERGAMO,LOMBARDIA,45.497617183951,9.649662342691,AC001E01355,e-distribuzione S.p.A.,2025-12-31
Comunità energetica rinnovabile,COMUNITA' ENERGETICA ENPAL,5.0,1,2,VENEZIA,VENEZIA,VENETO,45.4978,12.2663,AC001E00865,e-distribuzione S.p.A.,2025-12-31
Comunità energetica rinnovabile,CER43-911,5.0,1,2,MIRANO,VENEZIA,VENETO,45.498929454712,12.098330078692,AC001E00913,e-distribuzione S.p.A.,2025-12-31
Comunità energetica rinnovabile,CER-WOH360,20.0,1,3,BENNA,BIELLA,PIEMONTE,45.4993,8.138,AC001E01318,e-distribuzione S.p.A.,2025-12-31
Comunità energetica rinnovabile,CER ITALY,14.94,1,5,VERONA,VERONA,VENETO,45.500977237476,11.022384143911,AC024E00007,V-RETI,2025-12-31
Comunità energetica rinnovabile,COMUNITA' ENERGETICA ENPAL,6.0,1,2,CASTEL MELLA,BRESCIA,LOMBARDIA,45.5034,10.1448,AC001E01366,e-distribuzione S.p.A.,2025-12-31
Comunità energetica rinnovabile,CER ITALY,49.93,9,16,CAMERI,NOVARA,PIEMONTE,45.5043,8.67,AC001E01331,e-distribuzione S.p.A.,2025-12-31
Comunità energetica rinnovabile,COMUNITA' ENERGETICHE RINNOVABILI QUAREGNA CERRETO,999.0,2,27,MONGRANDO,BIELLA,PIEMONTE,45.5071,8.0144,AC001E01322,e-distribuzione S.p.A.,2025-12-31
Comunità energetica rinnovabile,FONDAZIONE DI PARTECIPAZIONE CER ITALIA,6.0,1,3,BORGOFRANCO D'IVREA,TORINO,PIEMONTE,45.510324777807,7.859060591021,AC001E01319,e-distribuzione S.p.A.,2025-12-31
Comunità energetica rinnovabile,Associazione Comunità Energetica Rinnovabile Mombarone 1319,4.0,1,16,BORGOFRANCO D'IVREA,TORINO,PIEMONTE,45.512,7.862,AC001E01319,e-distribuzione S.p.A.,2025-12-31
Comunità energetica rinnovabile,COMUNITÀ ENERGETICA FAMIGLIA MENEGALE,18.46,1,3,SANTA MARIA DI SALA,VENEZIA,VENETO,45.5121,12.0587,AC001E00911,e-distribuzione S.p.A.,2025-12-31
Comunità energetica rinnovabile,ASSOCIAZIONE RIVIERA DEL BRENTA COMUNITA' ENERGETICA RINNOVABILE,16.0,2,5,MARTELLAGO,VENEZIA,VENETO,45.5130661,12.18210865,AC001E00867,e-distribuzione S.p.A.,2025-12-31
Comunità energetica rinnovabile,CER ITALY,6.0,1,2,VENEZIA,VENEZIA,VENETO,45.5207809,12.2050867,AC001E00867,e-distribuzione S.p.A.,2025-12-31
Comunità energetica rinnovabile,ASSOCIAZIONE SOL SOLARI E SOLIDALI ETS,75.0,1,15,BARANZATE,MILANO,LOMBARDIA,45.5227,9.1195,AC001E01376,e-distribuzione S.p.A.,2025-12-31
Comunità energetica rinnovabile,COMUNITA' ENERGETICHE RINNOVABILI QUAREGNA CERRETO,900.0,1,18,GAGLIANICO,BIELLA,PIEMONTE,45.5247,8.0979,AC001E01323,e-distribuzione S.p.A.,2025-12-31
Comunità energetica rinnovabile,ASSOCIAZIONE COMUNITÀ ENERGETICA RINNOVABILE BICOCCA,360.0,1,2,MILANO,MILANO,LOMBARDIA,45.525527287054,9.214421207651,AC012E00006,Unareti S.p.A.,2025-12-31
Comunità energetica rinnovabile,ASSOCIAZIONE CERCHIO COMUNITÀ ENERGETICA RINNOVABILE,51.0,1,2,SOIANO DEL LAGO,BRESCIA,LOMBARDIA,45.527474983712,10.494762398333,AC001E01510,e-distribuzione S.p.A.,2025-12-31
Comunità energetica rinnovabile,INSPIRE ENERGY COMMUNITY NORD,12.0,2,2,ROBECCHETTO CON INDUNO,MILANO,LOMBARDIA,45.53309245,8.76787935,AC001E01320,e-distribuzione S.p.A.,2025-12-31
Comunità energetica rinnovabile,"ASSOCIAZIONE COMUNITA' ENERGETICA RINNOVABILE TERRITORIO E AMBIENTE IN FORMA ABBR. """"A-CERTA""""",86.0,2,2,CAMISANO VICENTINO,VICENZA,VENETO,45.534,11.6888,AC001E00914,e-distribuzione S.p.A.,2025-12-31
Comunità energetica rinnovabile,COMUNITA' ENERGETICA ECOENERGIA,27.0,3,9,CHIARI,BRESCIA,LOMBARDIA,45.5346,9.9253,AC001E01360,e-distribuzione S.p.A.,2025-12-31
Comunità energetica rinnovabile,CERIO E.T.S.,999.0,1,16,PONDERANO,BIELLA,PIEMONTE,45.5401,8.0468,AC001E01327,e-distribuzione S.p.A.,2025-12-31
Comunità energetica rinnovabile,E-PRODUZIONE,6.0,1,3,CHIAMPO,VICENZA,VENETO,45.543566917681,11.281058927755,AC001E00920,e-distribuzione S.p.A.,2025-12-31
Comunità energetica rinnovabile,COMUNITA' ENERGETICA ENPAL,6.0,1,2,POGLIANO MILANESE,MILANO,LOMBARDIA,45.5458074,8.9934706,AC001E01375,e-distribuzione S.p.A.,2025-12-31
Comunità energetica rinnovabile,CER SVEA SOLAR NORD1 ETS,6.0,1,2,FARA GERA D'ADDA,BERGAMO,LOMBARDIA,45.5478,9.5342,AC001E01364,e-distribuzione S.p.A.,2025-12-31
Comunità energetica rinnovabile,COMUNITÀ ENERGETICA RINNOVABILE EYCO SOCIETÀ COOPERATIVA,59.99,1,5,MUSCOLINE,BRESCIA,LOMBARDIA,45.5486,10.4607,AC006E00003,Unareti S.p.A.,2025-12-31
Comunità energetica rinnovabile,SOCIETÀ COOPERATIVA LUCENSE 1923 SOCIETÀ BENEFIT,99.0,1,2,GREZZANA,VERONA,VENETO,45.550380194953,11.003345300725,AC024E00007,V-RETI,2025-12-31
Comunità energetica rinnovabile,CER ARIA BUONA,245.3,3,8,QUINTO VICENTINO,VICENZA,VENETO,45.550502776512,11.645654087284,AC001E00916,e-distribuzione S.p.A.,2025-12-31
Comunità energetica rinnovabile,SOCIETÀ COOPERATIVA OREMO ENERGIA SOLIDALE,299.9,2,8,BIELLA,BIELLA,PIEMONTE,45.554067115,8.03101282,AC001E01327,e-distribuzione S.p.A.,2025-12-31
Comunità energetica rinnovabile,ASSOCIAZIONE MILLE SOLI COMUNITÀ ENERGETICA RINNOVABILE,47.97,2,6,MANERBA DEL GARDA,BRESCIA,LOMBARDIA,45.560771909034,10.535035845916,AC006E00009,Unareti S.p.A.,2025-12-31
Comunità energetica rinnovabile,COMUNITÀ ENERGETICA RINNOVABILE EYCO SOCIETÀ COOPERATIVA,6.0,2,3,NOGAROLE VICENTINO,VICENZA,VENETO,45.561667248493,11.291877468694,AC001E00923,e-distribuzione S.p.A.,2025-12-31
Comunità energetica rinnovabile,COMUNITA' ENERGETICHE RINNOVABILI QUAREGNA CERRETO,1800.0,2,25,QUAREGNA CERRETO,BIELLA,PIEMONTE,45.56267479119,8.16076867957,AC001E01324,e-distribuzione S.p.A.,2025-12-31
Comunità energetica rinnovabile,FONDAZIONE FLANDER ITALIA E.T.S.,9.52,2,2,CASTEGNATO,BRESCIA,LOMBARDIA,45.565746232381,10.116044366386,AC001E01367,e-distribuzione S.p.A.,2025-12-31
Comunità energetica rinnovabile,COMUNITA' ENERGETICA ENPAL,3.7,1,2,PONTOGLIO,BRESCIA,LOMBARDIA,45.567453286043,9.87013687992,AC001E01405,e-distribuzione S.p.A.,2025-12-31
Comunità energetica rinnovabile,CER SVEA SOLAR NORD1 ETS,19.53,1,3,BRUGHERIO,MONZA E DELLA BRIANZA,LOMBARDIA,45.56858906316,9.308410421623,AC001E01389,e-distribuzione S.p.A.,2025-12-31
Comunità energetica rinnovabile,COMUNITA' ENERGETICA RINNOVABILE DELLE BONDINELLE,8.0,2,11,PUEGNAGO SUL GARDA,BRESCIA,LOMBARDIA,45.5686,10.5293,AC006E00014,Unareti S.p.A.,2025-12-31
Comunità energetica rinnovabile,ASSOCIAZIONE CER COSTERMANO S/G,19.68,1,2,COSTERMANO,VERONA,VENETO,45.57,10.75,AC001E01514,e-distribuzione S.p.A.,2025-12-31
Comunità energetica rinnovabile,CER INSIEME,6.0,1,2,CAMPOSAMPIERO,PADOVA,VENETO,45.5714,11.9274,AC001E00915,e-distribuzione S.p.A.,2025-12-31
Comunità energetica rinnovabile,COMUNITA' ENERGETICA RINNOVABILE  NAZIONALE TORRI,12.0,2,4,CELLATICA,BRESCIA,LOMBARDIA,45.572,10.17489,AC001E01403,e-distribuzione S.p.A.,2025-12-31
Comunità energetica rinnovabile,COMUNITÀ ENERGETICA RINNOVABILE EYCO SOCIETÀ COOPERATIVA,4.0,1,2,COSTERMANO,VERONA,VENETO,45.5731,10.754,AC001E01514,e-distribuzione S.p.A.,2025-12-31
Comunità energetica rinnovabile,COMUNITA' ENERGETICA RINNOVABILE CER ZONA NORD,6.0,1,2,SORDEVOLO,BIELLA,PIEMONTE,45.57381,7.97042,AC001E01322,e-distribuzione S.p.A.,2025-12-31
Comunità energetica rinnovabile,CER ARIA BUONA,5.0,1,11,QUINTO VICENTINO,VICENZA,VENETO,45.5758,11.6229,AC001E01553,e-distribuzione S.p.A.,2025-12-31
Comunità energetica rinnovabile,ASSOCIAZIONE COMUNITÀ ENERGETICA RINNOVABILE COMUNITÀ ETICA E SOLIDALE,100.0,1,9,CAMBIAGO,MILANO,LOMBARDIA,45.580830329834,9.443568107413,AC001E01387,e-distribuzione S.p.A.,2025-12-31
Comunità energetica rinnovabile,COMUNITA' ENERGETICA ENPAL,5.0,1,2,VANZAGHELLO,MILANO,LOMBARDIA,45.583811918966,8.785524533677,AC001E01334,e-distribuzione S.p.A.,2025-12-31
Comunità energetica rinnovabile,COMUNITA' ENERGIA RINNOVABILE ENERGIA IN COMUNE,5.67,1,1,CAZZAGO SAN MARTINO,BRESCIA,LOMBARDIA,45.5841457536585,10.0248634815216,AC001E01369,e-distribuzione S.p.A.,2025-12-31
Comunità energetica rinnovabile,COMUNITA' ENERGETICA RINNOVABILE SAPIENS,6.0,1,2,COLOGNO AL SERIO,BERGAMO,LOMBARDIA,45.5844,9.6984,AC001E01408,e-distribuzione S.p.A.,2025-12-31
Comunità energetica rinnovabile,ASSOCIAZIONE MILLE SOLI COMUNITÀ ENERGETICA RINNOVABILE,200.6,4,46,SAN FELICE DEL BENACO,BRESCIA,LOMBARDIA,45.5873,10.569,AC006E00014,Unareti S.p.A.,2025-12-31
Comunità energetica rinnovabile,COMUNITA' ENERGETICA ENPAL,5.0,1,2,OLEGGIO,NOVARA,PIEMONTE,45.58731897063,8.648559594829,AC001E01336,e-distribuzione S.p.A.,2025-12-31
Comunità energetica rinnovabile,ASSOCIAZIONE MILLE SOLI COMUNITÀ ENERGETICA RINNOVABILE,44.44,1,8,GAVARDO,BRESCIA,LOMBARDIA,45.5895,10.4388,AC006E00003,Unareti S.p.A.,2025-12-31
Comunità energetica rinnovabile,FONDAZIONE FLANDER ITALIA E.T.S.,6.0,1,3,GHISALBA,BERGAMO,LOMBARDIA,45.593609924239,9.760026442707,AC001E01408,e-distribuzione S.p.A.,2025-12-31
Comunità energetica rinnovabile,CER SVEA SOLAR NORD1 ETS,10.0,1,2,VAREDO,MONZA E DELLA BRIANZA,LOMBARDIA,45.5941,9.1762,AC001E01391,e-distribuzione S.p.A.,2025-12-31
Comunità energetica rinnovabile,ASSOCIAZIONE MILLE SOLI COMUNITÀ ENERGETICA RINNOVABILE,6.0,1,2,RODENGO SAIANO,BRESCIA,LOMBARDIA,45.5972,10.105,AC001E01407,e-distribuzione S.p.A.,2025-12-31
Comunità energetica rinnovabile,CERQUITY SOC. COOP.,20.0,1,3,OLEGGIO,NOVARA,PIEMONTE,45.6005,8.6346,AC001E01329,e-distribuzione S.p.A.,2025-12-31
Comunità energetica rinnovabile,CER SVEA SOLAR NORD1 ETS,6.0,1,2,VERDELLINO,BERGAMO,LOMBARDIA,45.6057,9.6159,AC001E01412,e-distribuzione S.p.A.,2025-12-31
Comunità energetica rinnovabile,COMUNITÀ ENERGETICA RINNOVABILE DI LOZZOLO,700.0,1,4,GATTINARA,VERCELLI,PIEMONTE,45.6079,8.3231,AC001E01326,e-distribuzione S.p.A.,2025-12-31
Comunità energetica rinnovabile,COMUNITA' ENERGETICA VALLE CERVO S.C.A.R.L.,415.8,1,7,ANDORNO MICCA,BIELLA,PIEMONTE,45.608554863212,8.053377371855,AC001E01330,e-distribuzione S.p.A.,2025-12-31
Comunità energetica rinnovabile,FONDAZIONE FLANDER ITALIA E.T.S.,6.0,1,2,VERDELLO,BERGAMO,LOMBARDIA,45.6099,9.6374,AC001E01412,e-distribuzione S.p.A.,2025-12-31
Comunità energetica rinnovabile,CER SVEA SOLAR NORD1 ETS,6.0,1,2,CASTELLANZA,VARESE,LOMBARDIA,45.6187,8.9104,AC001E01341,e-distribuzione S.p.A.,2025-12-31
Comunità energetica rinnovabile,COMUNITA' ENERGETICA ENPAL,6.0,1,2,LEVATE,BERGAMO,LOMBARDIA,45.6246,9.6255,AC001E01412,e-distribuzione S.p.A.,2025-12-31
Comunità energetica rinnovabile,ASSOCIAZIONE MILLE SOLI COMUNITÀ ENERGETICA RINNOVABILE,18.0,2,4,GARDONE RIVIERA,BRESCIA,LOMBARDIA,45.625,10.5638,AC006E00018,Unareti S.p.A.,2025-12-31
Comunità energetica rinnovabile,ARTCOM-CER,37.4,1,3,SAN DONA' DI PIAVE,VENEZIA,VENETO,45.6337,12.5556,AC001E00869,e-distribuzione S.p.A.,2025-12-31
Comunità energetica rinnovabile,FONDAZIONE FLANDER ITALIA E.T.S.,18.0,3,13,BOTTANUCO,BERGAMO,LOMBARDIA,45.6345,9.5138,AC001E01464,e-distribuzione S.p.A.,2025-12-31
Comunità energetica rinnovabile,CER DI  MONTICELLI BRUSATI - OME,10.0,1,3,MONTICELLI BRUSATI,BRESCIA,LOMBARDIA,45.6384673749429,10.0997400283813,AC001E01426,e-distribuzione S.p.A.,2025-12-31
Comunità energetica rinnovabile,COMUNITÀ ENERGETICA RINNOVABILE EYCO SOCIETÀ COOPERATIVA,19.68,1,2,SILEA,TREVISO,VENETO,45.6444,12.3054,AC001E00871,e-distribuzione S.p.A.,2025-12-31
Comunità energetica rinnovabile,CER SVEA SOLAR NORD1 ETS,5.0,1,2,COGLIATE,MONZA E DELLA BRIANZA,LOMBARDIA,45.6453,9.1001,AC001E01402,e-distribuzione S.p.A.,2025-12-31
Comunità energetica rinnovabile,FONDAZIONE FLANDER ITALIA E.T.S.,26.0,4,4,ZANICA,BERGAMO,LOMBARDIA,45.6456635,9.6822366,AC001E01410,e-distribuzione S.p.A.,2025-12-31
Comunità energetica rinnovabile,"COMUNITÀ ENERGETICA RINNOVABILE """"CER DEI LUPI""""",12.0,2,10,SAN MARTINO DI LUPARI,PADOVA,VENETO,45.647561455982,11.860287304394,AC001E01555,e-distribuzione S.p.A.,2025-12-31
Comunità energetica rinnovabile,comunità energetica rinnovabile B.L.G.,3.03,1,2,MORGANO,TREVISO,VENETO,45.648,12.1051,AC001E00878,e-distribuzione S.p.A.,2025-12-31
Comunità energetica rinnovabile,COMUNITÀ ENERGETICA RINNOVABILE EYCO SOCIETÀ COOPERATIVA,4.0,1,2,TOMBOLO,PADOVA,VENETO,45.6483,11.8242,AC001E01555,e-distribuzione S.p.A.,2025-12-31
Comunità energetica rinnovabile,MY COMMUNITY CER SOC. COOP,6.0,1,2,SEVESO,MONZA E DELLA BRIANZA,LOMBARDIA,45.648780868225,9.157188231664,AC001E01422,e-distribuzione S.p.A.,2025-12-31
Comunità energetica rinnovabile,FONDAZIONE FLANDER ITALIA E.T.S.,4.4,1,3,COSTA DI MEZZATE,BERGAMO,LOMBARDIA,45.650636519863,9.805158946208,AC001E01423,e-distribuzione S.p.A.,2025-12-31
Comunità energetica rinnovabile,ASSOCIAZIONE MILLE SOLI COMUNITÀ ENERGETICA RINNOVABILE,25.0,5,18,PRESEGLIE,BRESCIA,LOMBARDIA,45.6573,10.3749,AC006E00008,Unareti S.p.A.,2025-12-31
Comunità energetica rinnovabile,FONDAZIONE FLANDER ITALIA E.T.S.,6.0,1,3,SUISIO,BERGAMO,LOMBARDIA,45.6575,9.497,AC001E01468,e-distribuzione S.p.A.,2025-12-31
Comunità energetica rinnovabile,SUN-FAI SOCIETA' COOPERATIVA,244.0,2,48,LALLIO,BERGAMO,LOMBARDIA,45.6582,9.6231,AC001E01466,e-distribuzione S.p.A.,2025-12-31
Comunità energetica rinnovabile,FONDAZIONE DI PARTECIPAZIONE CER ITALIA,6.0,1,2,FONTANETO D'AGOGNA,NOVARA,PIEMONTE,45.658318845396,8.490161573743,AC001E01337,e-distribuzione S.p.A.,2025-12-31
Comunità energetica rinnovabile,COMUNITÀ ENERGETICA RINNOVABILE BRENTA,466.6,1,2,CITTADELLA,PADOVA,VENETO,45.66124186649,11.73809683497,AC001E01559,e-distribuzione S.p.A.,2025-12-31
Comunità energetica rinnovabile,"ASSOCIAZIONE COMUNITÀ ENERGETICA RINNOVABILE """"CER17""""",6.0,1,3,VILLONGO,BERGAMO,LOMBARDIA,45.666,9.9361,AC001E01427,e-distribuzione S.p.A.,2025-12-31
Comunità energetica rinnovabile,CERS: FUTURO IN COMUNE - COMUNITÀ ENERGETICA RINNOVABILE E SOLIDALE DI RONCO B.,9.57,1,20,RONCO BRIANTINO,MONZA E DELLA BRIANZA,LOMBARDIA,45.6678,9.4041,AC001E01472,e-distribuzione S.p.A.,2025-12-31
Comunità energetica rinnovabile,CER SVEA SOLAR NORD1 ETS,3.76,1,2,LOMAGNA,LECCO,LOMBARDIA,45.67,9.3625,AC001E01472,e-distribuzione S.p.A.,2025-12-31
Comunità energetica rinnovabile,"ASSOCIAZIONE COMUNITA' ENERGETICA RINNOVABILE TERRITORIO E AMBIENTE IN FORMA ABBR. """"A-CERTA""""",19.8,1,2,MALO,VICENZA,VENETO,45.672445202094,11.409668471389,AC001E01561,e-distribuzione S.p.A.,2025-12-31
Comunità energetica rinnovabile,COMUNITA' ENERGETICA PARTENERGY SOC. COOP. BENEFIT A R. L.,42.0,2,59,LIGNANO SABBIADORO,UDINE,FRIULI VENEZIA GIULIA,45.672659574699,13.098569954591,AC001E00848,e-distribuzione S.p.A.,2025-12-31
Comunità energetica rinnovabile,COMUNITA' ENERGETICA PARTENERGY SOC. COOP. BENEFIT A R. L.,300.0,1,5,CASTELFRANCO VENETO,TREVISO,VENETO,45.673911657964,11.958717411365,AC001E01558,e-distribuzione S.p.A.,2025-12-31
Comunità energetica rinnovabile,FONDAZIONE SINERGIA C.E.R.,18.92,1,15,OSNAGO,LECCO,LOMBARDIA,45.6755,9.3919,AC001E01472,e-distribuzione S.p.A.,2025-12-31
Comunità energetica rinnovabile,COMUNITÀ ENERGETICA RINNOVABILE SOLENERGIA,10.0,1,4,CASTELFRANCO VENETO,TREVISO,VENETO,45.6763,11.9261,AC001E01558,e-distribuzione S.p.A.,2025-12-31
Comunità energetica rinnovabile,CER SVEA SOLAR NORD1 ETS,3.0,1,2,PADERNO D'ADDA,LECCO,LOMBARDIA,45.676335997729,9.450272791763,AC001E01465,e-distribuzione S.p.A.,2025-12-31
Comunità energetica rinnovabile,FONDAZIONE DI PARTECIPAZIONE CER ITALIA,21.0,4,8,SERRAVALLE SESIA,VERCELLI,PIEMONTE,45.6767,8.3131,AC001E01438,e-distribuzione S.p.A.,2025-12-31
Comunità energetica rinnovabile,FONDAZIONE FLANDER ITALIA E.T.S.,6.0,1,2,SOLZA,BERGAMO,LOMBARDIA,45.6777,9.4859,AC001E01468,e-distribuzione S.p.A.,2025-12-31
Comunità energetica rinnovabile,COMUNITA' ENERGETICA ENPAL,5.0,1,2,FAGNANO OLONA,VARESE,LOMBARDIA,45.67782151032,8.865687565712,AC001E01421,e-distribuzione S.p.A.,2025-12-31
Comunità energetica rinnovabile,COMUNITÀ ENERGETICA RINNOVABILE CER MIGNAGOLA,44.52,3,8,CARBONERA,TREVISO,VENETO,45.6903,12.3238,AC001E00872,e-distribuzione S.p.A.,2025-12-31
Comunità energetica rinnovabile,FONDAZIONE FLANDER ITALIA E.T.S.,12.0,2,7,TERNO D'ISOLA,BERGAMO,LOMBARDIA,45.6916,9.5445,AC001E01474,e-distribuzione S.p.A.,2025-12-31
Comunità energetica rinnovabile,CER SVEA SOLAR NORD1 ETS,3.0,1,2,MERATE,LECCO,LOMBARDIA,45.694557836137,9.428366520176,AC001E01472,e-distribuzione S.p.A.,2025-12-31
Comunità energetica rinnovabile,COMUNITA' ENERGETICA ENPAL,5.0,1,2,BESANA IN BRIANZA,MONZA E DELLA BRIANZA,LOMBARDIA,45.695404659815,9.26763631835,AC001E01467,e-distribuzione S.p.A.,2025-12-31
Comunità energetica rinnovabile,COMUNITÀ ENERGETICA RINNOVABILE EYCO SOCIETÀ COOPERATIVA,6.0,1,2,SCHIO,VICENZA,VENETO,45.6964,11.3726,AC001E01561,e-distribuzione S.p.A.,2025-12-31
Comunità energetica rinnovabile,FONDAZIONE DI PARTECIPAZIONE COMUNITÀ ENERGETICA RINNOVABILE ALTO VICENTINO,5.74,1,2,MARANO VICENTINO,VICENZA,VENETO,45.6983,11.4366,AC001E01563,e-distribuzione S.p.A.,2025-12-31
Comunità energetica rinnovabile,COMUNITÀ ENERGETICA RINNOVABILE EYCO SOCIETÀ COOPERATIVA,19.8,1,4,SCHIAVON,VICENZA,VENETO,45.6988,11.6437,AC001E01565,e-distribuzione S.p.A.,2025-12-31
Comunità energetica rinnovabile,CER SVEA SOLAR NORD1 ETS,4.0,1,2,SCHIO,VICENZA,VENETO,45.6995,11.3445,AC001E01561,e-distribuzione S.p.A.,2025-12-31
Comunità energetica rinnovabile,FONDAZIONE FLANDER ITALIA E.T.S.,17.04,2,6,BERGAMO,BERGAMO,LOMBARDIA,45.7034,9.6933,AC001E01429,e-distribuzione S.p.A.,2025-12-31
Comunità energetica rinnovabile,COMUNITA' ENERGETICA ENPAL,6.0,1,2,LURAGO MARINONE,COMO,LOMBARDIA,45.705,8.9846,AC001E01447,e-distribuzione S.p.A.,2025-12-31
Comunità energetica rinnovabile,FONDAZIONE DI PARTECIPAZIONE CER ITALIA,72.0,1,8,CASTELLETTO SOPRA TICINO,NOVARA,PIEMONTE,45.707280852696,8.629146185065,AC001E01339,e-distribuzione S.p.A.,2025-12-31
Comunità energetica rinnovabile,FONDAZIONE FLANDER ITALIA E.T.S.,5.79,1,5,GORLE,BERGAMO,LOMBARDIA,45.708421252532,9.714944879392,AC001E01428,e-distribuzione S.p.A.,2025-12-31
Comunità energetica rinnovabile,COMUNITA' ENERGETICA ENPAL,6.0,1,2,OLGIATE MOLGORA,LECCO,LOMBARDIA,45.7107,9.3966,AC001E01472,e-distribuzione S.p.A.,2025-12-31
Comunità energetica rinnovabile,COMUNITA' ENERGETICA RINNOVABILE DEL COMUNE DI POSTUA,9.68,3,20,POSTUA,VERCELLI,PIEMONTE,45.713366491587,8.230836805064,AC001E01438,e-distribuzione S.p.A.,2025-12-31
Comunità energetica rinnovabile,ASSOCIAZIONE MONTICELLO GREEN HILL,9.04,3,4,MONTICELLO BRIANZA,LECCO,LOMBARDIA,45.713482,9.318625,AC001E01479,e-distribuzione S.p.A.,2025-12-31
Comunità energetica rinnovabile,COMUNITÀ ENERGETICA RINNOVABILE EYCO SOCIETÀ COOPERATIVA,50.0,1,2,TORREBELVICINO,VICENZA,VENETO,45.7166,11.3062,AC001E01561,e-distribuzione S.p.A.,2025-12-31
Comunità energetica rinnovabile,COMUNITA' ENERGETICA ENPAL,10.0,1,2,AMBIVERE,BERGAMO,LOMBARDIA,45.7181,9.5547,AC001E01474,e-distribuzione S.p.A.,2025-12-31
Comunità energetica rinnovabile,EUREKA CER SOCIETA' COOPERATIVA,20.0,1,2,COLCERESA,VICENZA,VENETO,45.719,11.609,AC001E01565,e-distribuzione S.p.A.,2025-12-31
Comunità energetica rinnovabile,COMUNITÀ ENERGETICA RINNOVABILE DEL COMUNE DI GUARDABOSONE,16.8,5,23,GUARDABOSONE,VERCELLI,PIEMONTE,45.720885980744,8.221069289474,AC001E01438,e-distribuzione S.p.A.,2025-12-31
Comunità energetica rinnovabile,COMUNITA' ENERGETICA PARTENERGY SOC. COOP. BENEFIT A R. L.,16.0,1,2,PONTE DI PIAVE,TREVISO,VENETO,45.725857790432,12.472601333853,AC001E00873,e-distribuzione S.p.A.,2025-12-31
Comunità energetica rinnovabile,IL POGGIO - ASSOCIAZIONE COMUNITÀ ENERGETICA RINNOVABILE,19.9,1,11,CANTU',COMO,LOMBARDIA,45.730152471703,9.118240366262,AC001E01485,e-distribuzione S.p.A.,2025-12-31
Comunità energetica rinnovabile,CER ITALY,39.98,5,6,CESSALTO,TREVISO,VENETO,45.7354384,12.61188305,AC001E00853,e-distribuzione S.p.A.,2025-12-31
Comunità energetica rinnovabile,COMUNITÀ ENERGETICA MEDIA VALLE,30.8,2,20,FENIS,VALLE D'AOSTA/VALLEE D'AOSTE,VALLE D'AOSTA,45.7366,7.4922,AC009E00008,DEVAL,2025-12-31
Comunità energetica rinnovabile,FONDAZIONE FLANDER ITALIA E.T.S.,5.0,1,7,ALZANO LOMBARDO,BERGAMO,LOMBARDIA,45.7371,9.7371,AC001E01478,e-distribuzione S.p.A.,2025-12-31
Comunità energetica rinnovabile,FONDAZIONE FLANDER ITALIA E.T.S.,4.4,1,4,PONTERANICA,BERGAMO,LOMBARDIA,45.737532968467,9.669616006681,AC001E01481,e-distribuzione S.p.A.,2025-12-31
Comunità energetica rinnovabile,COMUNITA' ENERGETICA RINNOVABILE MAROSTICA,16.0,3,10,MAROSTICA,VICENZA,VENETO,45.737630424899,11.653342299002,AC001E01565,e-distribuzione S.p.A.,2025-12-31
Comunità energetica rinnovabile,EUREKA CER SOCIETA' COOPERATIVA,19.9,1,3,CASAZZA,BERGAMO,LOMBARDIA,45.7439,9.9029,AC001E01431,e-distribuzione S.p.A.,2025-12-31
Comunità energetica rinnovabile,FONDAZIONE FLANDER ITALIA E.T.S.,14.69,1,9,ALBINO,BERGAMO,LOMBARDIA,45.750986317057,9.849413488921,AC001E01494,e-distribuzione S.p.A.,2025-12-31
Comunità energetica rinnovabile,CER SVEA SOLAR NORD1 ETS,5.58,1,2,CASSINA RIZZARDI,COMO,LOMBARDIA,45.752,9.016,AC001E01448,e-distribuzione S.p.A.,2025-12-31
Comunità energetica rinnovabile,CERAVAL-COMUNITA' ENERGETICA RINNOVABILE,15.2,1,3,IDRO,BRESCIA,LOMBARDIA,45.7545,10.4979,AC006E00006,Unareti S.p.A.,2025-12-31
Comunità energetica rinnovabile,ASSOCIAZIONE MILLE SOLI COMUNITÀ ENERGETICA RINNOVABILE,6.0,1,4,PERTICA BASSA,BRESCIA,LOMBARDIA,45.756,10.3795,AC006E00006,Unareti S.p.A.,2025-12-31
Comunità energetica rinnovabile,COMUNITA' ENERGETICA PARTENERGY SOC. COOP. BENEFIT A R. L.,8.0,2,2,AQUILEIA,UDINE,FRIULI VENEZIA GIULIA,45.762111149469,13.368964223999,AC001E00849,e-distribuzione S.p.A.,2025-12-31
Comunità energetica rinnovabile,ASSOCIAZIONE COMUNITÀ ENERGETICA RINNOVABILE SUNSOLUTION,5.0,1,3,ANFO,BRESCIA,LOMBARDIA,45.76467251,10.49480548,AC006E00006,Unareti S.p.A.,2025-12-31
Comunità energetica rinnovabile,COMUNITA' ENERGETICA ENPAL,6.0,1,2,TAINO,VARESE,LOMBARDIA,45.765603140819,8.618255242993,AC001E01453,e-distribuzione S.p.A.,2025-12-31
Comunità energetica rinnovabile,SEIVA COMUNITÀ ENERGETICA RINNOVABILE,100.0,1,2,SAN MAURIZIO D'OPAGLIO,NOVARA,PIEMONTE,45.767,8.3993,AC001E01449,e-distribuzione S.p.A.,2025-12-31
Comunità energetica rinnovabile,COMUNITA' ENERGETICA RINNOVABILE CER4YOU,44.41,1,14,ODERZO,TREVISO,VENETO,45.76713271242,12.462482113607,AC001E00874,e-distribuzione S.p.A.,2025-12-31
Comunità energetica rinnovabile,T.G. CER,300.0,1,4,DOLZAGO,LECCO,LOMBARDIA,45.7729,9.3395,AC001E01484,e-distribuzione S.p.A.,2025-12-31
Comunità energetica rinnovabile,COMUNITA' ENERGETICA PARTENERGY SOC. COOP. BENEFIT A R. L.,7.5,1,2,ODERZO,TREVISO,VENETO,45.773881,12.490038,AC001E00874,e-distribuzione S.p.A.,2025-12-31
Comunità energetica rinnovabile,Lozza Blu e Sociale,6.0,1,17,LOZZA,VARESE,LOMBARDIA,45.7756,8.8538,AC001E01454,e-distribuzione S.p.A.,2025-12-31
Comunità energetica rinnovabile,CER PORTOGRUARESE,6.0,1,2,PORTOGRUARO,VENEZIA,VENETO,45.7781,12.8525,AC001E00852,e-distribuzione S.p.A.,2025-12-31
Comunità energetica rinnovabile,ASSOCIAZIONE MILLE SOLI COMUNITÀ ENERGETICA RINNOVABILE,35.0,2,15,TREMOSINE,BRESCIA,LOMBARDIA,45.7797,10.7498,AC006E00016,Unareti S.p.A.,2025-12-31
Comunità energetica rinnovabile,CER ARCADE ENERGY,20.0,1,2,ARCADE,TREVISO,VENETO,45.7823,12.2263,AC001E01581,e-distribuzione S.p.A.,2025-12-31
Comunità energetica rinnovabile,COMUNITA' ENERGETICA RINNOVABILE GORGO MOLINO - ETS,18.52,1,3,GORGO AL MONTICANO,TREVISO,VENETO,45.7908,12.5357,AC001E00874,e-distribuzione S.p.A.,2025-12-31
Comunità energetica rinnovabile,COMUNITA' ENERGETICA RINNOVABILE ESPIU' SOLAR BENEFIT,100.0,1,9,ODERZO,TREVISO,VENETO,45.790854,12.49788315,AC001E00874,e-distribuzione S.p.A.,2025-12-31
Comunità energetica rinnovabile,COMUNITA' ENERGETICA RINNOVABILE MY SOLARIS E.T.S.,30.0,1,3,CALOLZIOCORTE,LECCO,LOMBARDIA,45.795382450239,9.439186216071,AC001E01492,e-distribuzione S.p.A.,2025-12-31
Comunità energetica rinnovabile,CER COMUNITA' ENERGETICA DELL'AGRO AQUILEIESE,6.0,1,4,TERZO D'AQUILEIA,UDINE,FRIULI VENEZIA GIULIA,45.7987,13.3474,AC001E00998,e-distribuzione S.p.A.,2025-12-31
Comunità energetica rinnovabile,COMUNITÀ ENERGETICA RINNOVABILE EYCO SOCIETÀ COOPERATIVA,3.0,1,2,POSINA,VICENZA,VENETO,45.8006146257,11.235778856329,AC001E01562,e-distribuzione S.p.A.,2025-12-31
Comunità energetica rinnovabile,SUN-FAI SOCIETA' COOPERATIVA,6.0,1,3,CARENNO,LECCO,LOMBARDIA,45.801216940217,9.462281326395,AC001E01492,e-distribuzione S.p.A.,2025-12-31
Comunità energetica rinnovabile,COMUNITA' ENERGETICA PARTENERGY SOC. COOP. BENEFIT A R. L.,18.0,3,3,CALOLZIOCORTE,LECCO,LOMBARDIA,45.803791259324,9.417340629463,AC001E01492,e-distribuzione S.p.A.,2025-12-31
Comunità energetica rinnovabile,E-CER ITALIA ETS,12.0,2,2,TERZO D'AQUILEIA,UDINE,FRIULI VENEZIA GIULIA,45.805,13.343,AC001E00998,e-distribuzione S.p.A.,2025-12-31
Comunità energetica rinnovabile,ALESSANDRO VOLTA COMUNITÀ ENERGETICA RINNOVABILE,5.0,1,5,COMO,COMO,LOMBARDIA,45.8052,9.1163,AC001E01488,e-distribuzione S.p.A.,2025-12-31
Comunità energetica rinnovabile,COMUNITA' ENERGETICA RINNOVABILE DEI LAGHI,50.05,8,84,TRAVEDONA-MONATE,VARESE,LOMBARDIA,45.8078,8.6759,AC001E01453,e-distribuzione S.p.A.,2025-12-31
Comunità energetica rinnovabile,COMUNITA' ENERGETICA RINNOVABILE - CER DELLA MARCA TREVIGIANA,875.0,1,13,NERVESA DELLA BATTAGLIA,TREVISO,VENETO,45.8111,12.2221,AC001E01581,e-distribuzione S.p.A.,2025-12-31
Comunità energetica rinnovabile,FONDAZIONE FLANDER ITALIA E.T.S.,174.52,4,10,GANDINO,BERGAMO,LOMBARDIA,45.812,9.9113,AC001E01496,e-distribuzione S.p.A.,2025-12-31
Comunità energetica rinnovabile,COMUNITA' ENERGETICA PARTENERGY SOC. COOP. BENEFIT A R. L.,500.0,1,3,SAN GIORGIO DI NOGARO,UDINE,FRIULI VENEZIA GIULIA,45.814880769696,13.215275744431,AC001E00997,e-distribuzione S.p.A.,2025-12-31
Comunità energetica rinnovabile,COMUNITÀ ENERGETICA RINNOVABILE EYCO SOCIETÀ COOPERATIVA,3.0,1,2,BRENTONICO,TRENTO,TRENTINO ALTO ADIGE,45.818268775855,10.959426076598,AC221E00005,SET DISTRIBUZIONE,2025-12-31
Comunità energetica rinnovabile,FONDAZIONE FLANDER ITALIA E.T.S.,3.0,1,8,VAL BREMBILLA,BERGAMO,LOMBARDIA,45.819680078802,9.59604138024,AC001E01491,e-distribuzione S.p.A.,2025-12-31
Comunità energetica rinnovabile,VELAN ENERGIE S.C. A R.L.,120.0,1,3,VALPELLINE,VALLE D'AOSTA/VALLEE D'AOSTE,VALLE D'AOSTA,45.8224,7.3363,AC009E00002,DEVAL,2025-12-31
Comunità energetica rinnovabile,"ASSOCIAZIONE COMUNITÀ ENERGETICA RINNOVABILE """"CER17""""",14.0,2,4,COSTA VOLPINO,BERGAMO,LOMBARDIA,45.8254,10.0919,AC001E01497,e-distribuzione S.p.A.,2025-12-31
Comunità energetica rinnovabile,LA BUONA FONTE,18.56,1,28,STORO,TRENTO,TRENTINO ALTO ADIGE,45.8282,10.5097,AC221E00002,SET DISTRIBUZIONE,2025-12-31
Comunità energetica rinnovabile,COMUNITA' ENERGETICA PARTENERGY SOC. COOP. BENEFIT A R. L.,136.0,1,4,MEDUNA DI LIVENZA,TREVISO,VENETO,45.830829844754,12.599686119732,AC001E00876,e-distribuzione S.p.A.,2025-12-31
Comunità energetica rinnovabile,COMUNITA' ENERGETICA PARTENERGY SOC. COOP. BENEFIT A R. L.,900.0,1,7,POCENIA,UDINE,FRIULI VENEZIA GIULIA,45.8313,13.1119,AC001E00855,e-distribuzione S.p.A.,2025-12-31
Comunità energetica rinnovabile,E-CER ITALIA ETS,6.0,1,2,SAN GIORGIO DI NOGARO,UDINE,FRIULI VENEZIA GIULIA,45.833,13.201,AC001E00997,e-distribuzione S.p.A.,2025-12-31
Comunità energetica rinnovabile,MY COMMUNITY CER SOC. COOP,100.0,1,2,VALMADRERA,LECCO,LOMBARDIA,45.8377,9.3518,AC001E01499,e-distribuzione S.p.A.,2025-12-31
Comunità energetica rinnovabile,COMUNITA' ENERGETICA RINNOVABILE MY SOLARIS E.T.S.,33.3,1,4,LECCO,LECCO,LOMBARDIA,45.8388266,9.4097351,AC001E01500,e-distribuzione S.p.A.,2025-12-31
Comunità energetica rinnovabile,COMUNITA' ENERGETICA PARTENERGY SOC. COOP. BENEFIT A R. L.,875.0,1,4,MARENO DI PIAVE,TREVISO,VENETO,45.8429,12.3146,AC001E01582,e-distribuzione S.p.A.,2025-12-31
Comunità energetica rinnovabile,COMUNITÀ ENERGETICA RINNOVABILE SOLAR SMART,700.0,1,52,PIAN CAMUNO,BRESCIA,LOMBARDIA,45.8446,10.1363,AC001E01497,e-distribuzione S.p.A.,2025-12-31
Comunità energetica rinnovabile,COMUNITA' ENERGETICA PARTENERGY SOC. COOP. BENEFIT A R. L.,875.0,1,43,SAN PIER D'ISONZO,GORIZIA,FRIULI VENEZIA GIULIA,45.85016007917,13.469695250526,AC001E00999,e-distribuzione S.p.A.,2025-12-31
Comunità energetica rinnovabile,COMUNITÀ ENERGETICA RINNOVABILE EYCO SOCIETÀ COOPERATIVA,13.8,3,6,MORI,TRENTO,TRENTINO ALTO ADIGE,45.854543305866,10.990629722826,AC221E00012,SET DISTRIBUZIONE,2025-12-31
Comunità energetica rinnovabile,COMUNITA' ENERGETICA ENPAL,6.0,1,2,ROGNO,BERGAMO,LOMBARDIA,45.8552,10.1342,AC001E01497,e-distribuzione S.p.A.,2025-12-31
Comunità energetica rinnovabile,COMUNITA' ENERGETICA RINNOVABILE - CER DELLA MARCA TREVIGIANA,60.0,1,2,PASIANO DI PORDENONE,PORDENONE,FRIULI VENEZIA GIULIA,45.855960985967,12.654374421365,AC001E01586,e-distribuzione S.p.A.,2025-12-31
Comunità energetica rinnovabile,COMUNITÀ ENERGETICA RINNOVABILE E SOLIDALE DI LECCO ETS,46.76,1,5,LECCO,LECCO,LOMBARDIA,45.860770054097,9.401751882118,AC001E01501,e-distribuzione S.p.A.,2025-12-31
Comunità energetica rinnovabile,COMUNITA' ENERGETICA PARTENERGY SOC. COOP. BENEFIT A R. L.,400.0,1,5,SERNAGLIA DELLA BATTAGLIA,TREVISO,VENETO,45.8669,12.1255,AC001E01574,e-distribuzione S.p.A.,2025-12-31
Comunità energetica rinnovabile,COMUNITA' ENERGETICA ENPAL,6.0,1,2,STRESA,VERBANO-CUSIO-OSSOLA,PIEMONTE,45.871154771126,8.556677591315,AC001E01459,e-distribuzione S.p.A.,2025-12-31
Comunità energetica rinnovabile,CER SAN VENDEMIANO CLIMATE-NEUTRAL SMART CITY,8.0,1,2,SAN VENDEMIANO,TREVISO,VENETO,45.8738,12.3502,AC001E01583,e-distribuzione S.p.A.,2025-12-31
Comunità energetica rinnovabile,ASSOCIAZIONE CER-AMICA ETS,4.5,1,15,CARAVATE,VARESE,LOMBARDIA,45.87739281746,8.646457760971,AC001E01463,e-distribuzione S.p.A.,2025-12-31
Comunità energetica rinnovabile,COMUNITÀ ENERGETICA RINNOVABILE EYCO SOCIETÀ COOPERATIVA,2.23,1,1,ROVERETO,TRENTO,TRENTINO ALTO ADIGE,45.8836,11.0438,AC221E00012,SET DISTRIBUZIONE,2025-12-31
Comunità energetica rinnovabile,ASSOCIAZIONE SOLARCITY ETS,19.68,1,8,OMEGNA,VERBANO-CUSIO-OSSOLA,PIEMONTE,45.885552072844,8.408741358858,AC001E01460,e-distribuzione S.p.A.,2025-12-31
Comunità energetica rinnovabile,COMUNITA' ENERGETICA PARTENERGY SOC. COOP. BENEFIT A R. L.,30.0,1,2,CONEGLIANO,TREVISO,VENETO,45.887411540472,12.318626175642,AC001E01583,e-distribuzione S.p.A.,2025-12-31
Comunità energetica rinnovabile,PERCERTO SCPA,12.0,2,5,BALLABIO,LECCO,LOMBARDIA,45.888794528269,9.419940863466,AC001E01501,e-distribuzione S.p.A.,2025-12-31
Comunità energetica rinnovabile,FONDAZIONE DI PARTECIPAZIONE CER ITALIA,20.0,1,2,GERMAGNO,VERBANO-CUSIO-OSSOLA,PIEMONTE,45.8888,8.3925,AC001E01460,e-distribuzione S.p.A.,2025-12-31
Comunità energetica rinnovabile,COMUNITÀ ENERGETICA RINNOVABILE EYCO SOCIETÀ COOPERATIVA,7.12,1,2,RONZO-CHIENIS,TRENTO,TRENTINO ALTO ADIGE,45.8923,10.9541,AC221E00005,SET DISTRIBUZIONE,2025-12-31
Comunità energetica rinnovabile,FONDAZIONE FLANDER ITALIA E.T.S.,6.0,1,2,PARRE,BERGAMO,LOMBARDIA,45.8941,9.9176,AC001E01505,e-distribuzione S.p.A.,2025-12-31
Comunità energetica rinnovabile,E-OIKOS,4.6,1,6,SAN VITO AL TORRE,UDINE,FRIULI VENEZIA GIULIA,45.8954,13.3688,AC001E01001,e-distribuzione S.p.A.,2025-12-31
Comunità energetica rinnovabile,COMUNITA' ENERGETICA PARROCCHIALE LAVENO MOMBELLO ETS,17.0,1,21,LAVENO-MOMBELLO,VARESE,LOMBARDIA,45.9015,8.6209,AC001E01463,e-distribuzione S.p.A.,2025-12-31
Comunità energetica rinnovabile,COMUNITÀ ENERGETICA RINNOVABILE EYCO SOCIETÀ COOPERATIVA,3.0,1,2,NOGAREDO,TRENTO,TRENTINO ALTO ADIGE,45.902923357628,11.020258157989,AC221E00014,SET DISTRIBUZIONE,2025-12-31
Comunità energetica rinnovabile,COMUNITA' ENERGETICA DELLE CINQUE VETTE SOCIETA' COOPERATIVA,36.0,7,7,CUASSO AL MONTE,VARESE,LOMBARDIA,45.9069,8.8747,AC001E01462,e-distribuzione S.p.A.,2025-12-31
Comunità energetica rinnovabile,COMUNITA' ENERGETICA ENPAL,5.0,1,2,CASTIONE DELLA PRESOLANA,BERGAMO,LOMBARDIA,45.91,10.0357,AC001E01504,e-distribuzione S.p.A.,2025-12-31
Comunità energetica rinnovabile,E-CER ITALIA ETS,10.3,2,2,SAN VITO AL TAGLIAMENTO,PORDENONE,FRIULI VENEZIA GIULIA,45.914,12.853,AC001E01004,e-distribuzione S.p.A.,2025-12-31
Comunità energetica rinnovabile,COMUNITA' ENERGETICA PARTENERGY SOC. COOP. BENEFIT A R. L.,12.0,1,1,CASTIONS DI STRADA,UDINE,FRIULI VENEZIA GIULIA,45.916637103542,13.181307767413,AC001E01002,e-distribuzione S.p.A.,2025-12-31
Comunità energetica rinnovabile,GREENLAND SOCIETÀ COOPERATIVA DI COMUNITÀ,10.0,1,36,FOLGARIA,TRENTO,TRENTINO ALTO ADIGE,45.918566587343,11.166296811386,AC221E00017,SET DISTRIBUZIONE,2025-12-31
Comunità energetica rinnovabile,COMUNITA' ENERGETICA PARTENERGY SOC. COOP. BENEFIT A R. L.,62.0,1,2,SAN FIOR,TREVISO,VENETO,45.922654064336,12.363386811858,AC001E01584,e-distribuzione S.p.A.,2025-12-31
Comunità energetica rinnovabile,COMUNITA' ENERGETICA PARTENERGY SOC. COOP. BENEFIT A R. L.,220.0,1,7,FIUME VENETO,PORDENONE,FRIULI VENEZIA GIULIA,45.926614471677,12.735821256757,AC001E01586,e-distribuzione S.p.A.,2025-12-31
Comunità energetica rinnovabile,FONDAZIONE DIOCESI TREVISO ENERGY ETS,3.56,1,2,FOLLINA,TREVISO,VENETO,45.9303,12.1456,AC001E01574,e-distribuzione S.p.A.,2025-12-31
Comunità energetica rinnovabile,COMUNITA' ENERGETICA PARTENERGY SOC. COOP. BENEFIT A R. L.,12.0,2,17,SAN GIOVANNI AL NATISONE,UDINE,FRIULI VENEZIA GIULIA,45.9348,13.3986,AC001E01005,e-distribuzione S.p.A.,2025-12-31
Comunità energetica rinnovabile,SEIVA COMUNITÀ ENERGETICA RINNOVABILE,550.0,1,3,VERBANIA,VERBANO-CUSIO-OSSOLA,PIEMONTE,45.9358,8.557,AC001E01527,e-distribuzione S.p.A.,2025-12-31
Comunità energetica rinnovabile,GREENLAND SOCIETÀ COOPERATIVA DI COMUNITÀ,80.0,1,106,LAVARONE,TRENTO,TRENTINO ALTO ADIGE,45.939484171541,11.269732514056,AC221E00020,SET DISTRIBUZIONE,2025-12-31
Comunità energetica rinnovabile,COMUNITA' ENERGETICA PARTENERGY SOC. COOP. BENEFIT A R. L.,4.0,1,7,TRIVIGNANO UDINESE,UDINE,FRIULI VENEZIA GIULIA,45.9401,13.3381,AC001E01001,e-distribuzione S.p.A.,2025-12-31
Comunità energetica rinnovabile,COMUNITA' ENERGETICA ENPAL,6.0,1,2,CASARSA DELLA DELIZIA,PORDENONE,FRIULI VENEZIA GIULIA,45.9405,12.844,AC001E01004,e-distribuzione S.p.A.,2025-12-31
Comunità energetica rinnovabile,COMUNITA' ENERGETICA ENPAL,6.0,1,2,CAPRIVA DEL FRIULI,GORIZIA,FRIULI VENEZIA GIULIA,45.945104656715,13.522185596415,AC001E01000,e-distribuzione S.p.A.,2025-12-31
Comunità energetica rinnovabile,COMUNITA' ENERGETICA RINNOVABILE BARZIO,39.55,2,13,BARZIO,LECCO,LOMBARDIA,45.9462,9.4651,AC001E01541,e-distribuzione S.p.A.,2025-12-31
Comunità energetica rinnovabile,COMUNITÀ ENERGETICA RINNOVABILE ECOSYNERGY ITALY,3.0,1,2,OSSIMO,BRESCIA,LOMBARDIA,45.9463,10.2314,AC001E01517,e-distribuzione S.p.A.,2025-12-31
Comunità energetica rinnovabile,COMUNITA' ENERGETICA PARTENERGY SOC. COOP. BENEFIT A R. L.,129.76,2,8,SACILE,PORDENONE,FRIULI VENEZIA GIULIA,45.9464,12.4598,AC001E01588,e-distribuzione S.p.A.,2025-12-31
Comunità energetica rinnovabile,COMUNITA' ENERGETICA PARTENERGY SOC. COOP. BENEFIT A R. L.,1368.0,9,18,SAN VITO AL TAGLIAMENTO,PORDENONE,FRIULI VENEZIA GIULIA,45.9493,12.8708,AC001E01004,e-distribuzione S.p.A.,2025-12-31
Comunità energetica rinnovabile,COMUNITA' ENERGETICA RINNOVABILE DEL LUINESE,10.0,1,21,GRANTOLA,VARESE,LOMBARDIA,45.9506,8.7736,AC001E01528,e-distribuzione S.p.A.,2025-12-31
Comunità energetica rinnovabile,COMUNITA' ENERGETICA PARTENERGY SOC. COOP. BENEFIT A R. L.,6.0,1,6,GORIZIA,GORIZIA,FRIULI VENEZIA GIULIA,45.9556,13.6094,AC003E00003,AcegasApsAmga Spa,2025-12-31
Comunità energetica rinnovabile,COMUNITÀ ENERGETICA RINNOVABILE INNOVA S.C.A.R.L.,12.0,2,14,VITTORIO VENETO,TREVISO,VENETO,45.955665309893,12.302269242845,AC001E01585,e-distribuzione S.p.A.,2025-12-31
Comunità energetica rinnovabile,COMUNITA' ENERGETICA ENPAL,6.0,1,2,CODROIPO,UDINE,FRIULI VENEZIA GIULIA,45.961037648824,12.986085355741,AC001E01003,e-distribuzione S.p.A.,2025-12-31
Comunità energetica rinnovabile,COMUNITA' ENERGETICA PARTENERGY SOC. COOP. BENEFIT A R. L.,48.0,3,8,CODROIPO,UDINE,FRIULI VENEZIA GIULIA,45.963309773227,12.984615002286,AC001E01003,e-distribuzione S.p.A.,2025-12-31
Comunità energetica rinnovabile,CM SOLEINSIEME,20.0,1,3,CAPPELLA MAGGIORE,TREVISO,VENETO,45.968798075788,12.362704357301,AC001E01585,e-distribuzione S.p.A.,2025-12-31
Comunità energetica rinnovabile,COMUNITA' ENERGETICA PARTENERGY SOC. COOP. BENEFIT A R. L.,12.0,2,5,ZOPPOLA,PORDENONE,FRIULI VENEZIA GIULIA,45.969164825962,12.799560182169,AC001E01590,e-distribuzione S.p.A.,2025-12-31
Comunità energetica rinnovabile,COMUNITA' ENERGETICA PARTENERGY SOC. COOP. BENEFIT A R. L.,30.0,3,13,MANZANO,UDINE,FRIULI VENEZIA GIULIA,45.974488858236,13.364187896586,AC001E01006,e-distribuzione S.p.A.,2025-12-31
Comunità energetica rinnovabile,COMUNITA' ENERGETICA ENPAL,6.16,1,2,CAPPELLA MAGGIORE,TREVISO,VENETO,45.9753,12.358,AC001E01585,e-distribuzione S.p.A.,2025-12-31
Comunità energetica rinnovabile,COMUNITÀ ENERGETICA RINNOVABILE RIO CHIARO,20.0,1,6,SAN GIOVANNI AL NATISONE,UDINE,FRIULI VENEZIA GIULIA,45.9788,13.3971,AC001E01005,e-distribuzione S.p.A.,2025-12-31
Comunità energetica rinnovabile,PERCERTO SCPA,6.0,1,3,PRIMALUNA,LECCO,LOMBARDIA,45.9796,9.4376,AC001E01541,e-distribuzione S.p.A.,2025-12-31
Comunità energetica rinnovabile,PERCERTO SCPA,3.64,1,2,PRIMALUNA,LECCO,LOMBARDIA,45.9807,9.4448,AC001E01541,e-distribuzione S.p.A.,2025-12-31
Comunità energetica rinnovabile,COMUNITA' ENERGETICA PARTENERGY SOC. COOP. BENEFIT A R. L.,1042.0,4,32,FONTANAFREDDA,PORDENONE,FRIULI VENEZIA GIULIA,45.98969238138,12.578157892848,AC001E01587,e-distribuzione S.p.A.,2025-12-31
Comunità energetica rinnovabile,CER SVEA SOLAR NORD1 ETS,3.68,1,2,LUINO,VARESE,LOMBARDIA,45.99387488607,8.753214529135,AC001E01530,e-distribuzione S.p.A.,2025-12-31
Comunità energetica rinnovabile,COMUNITA' ENERGETICA RINNOVABILE - CER DELLA MARCA TREVIGIANA,875.0,1,2,CAMPOFORMIDO,UDINE,FRIULI VENEZIA GIULIA,46.0016,13.1606,AC001E01008,e-distribuzione S.p.A.,2025-12-31
Comunità energetica rinnovabile,COMUNITÀ ENERGETICA RINNOVABILE EYCO SOCIETÀ COOPERATIVA,4.0,1,2,NOVALEDO,TRENTO,TRENTINO ALTO ADIGE,46.022089840732,11.362716820435,AC221E00023,SET DISTRIBUZIONE,2025-12-31
Comunità energetica rinnovabile,FELTRENERGY,47.0,1,12,FELTRE,BELLUNO,VENETO,46.0237,11.9242,AC001E01578,e-distribuzione S.p.A.,2025-12-31
Comunità energetica rinnovabile,COMUNITA' ENERGETICA PARTENERGY SOC. COOP. BENEFIT A R. L.,94.0,4,39,CAMPOFORMIDO,UDINE,FRIULI VENEZIA GIULIA,46.024665094924,13.16860791909,AC001E01008,e-distribuzione S.p.A.,2025-12-31
Comunità energetica rinnovabile,COMUNITÀ ENERGETICA RINNOVABILE EYCO SOCIETÀ COOPERATIVA,5.0,1,2,BORGO VALBELLUNA,BELLUNO,VENETO,46.026912645745,11.99694054384,AC001E01578,e-distribuzione S.p.A.,2025-12-31
Comunità energetica rinnovabile,EUREKA CER SOCIETA' COOPERATIVA,86.6,1,3,COMANO TERME,TRENTO,TRENTINO ALTO ADIGE,46.0331,10.8612,AC221E00007,SET DISTRIBUZIONE,2025-12-31
Comunità energetica rinnovabile,COMUNITA' ENERGETICA RINNOVABILE DEL LUINESE,40.64,7,120,AGRA,VARESE,LOMBARDIA,46.0345,8.7722,AC001E01530,e-distribuzione S.p.A.,2025-12-31
Comunità energetica rinnovabile,EUREKA CER SOCIETA' COOPERATIVA,4.0,1,2,TRENTO,TRENTO,TRENTINO ALTO ADIGE,46.0379,11.1092,AC221E00015,SET DISTRIBUZIONE,2025-12-31
Comunità energetica rinnovabile,COMUNITA' ENERGETICA ENPAL,5.0,1,2,PASIAN DI PRATO,UDINE,FRIULI VENEZIA GIULIA,46.0419,13.1808,AC001E01008,e-distribuzione S.p.A.,2025-12-31
Comunità energetica rinnovabile,COMUNITÀ ENERGETICA RINNOVABILE EYCO SOCIETÀ COOPERATIVA,3.0,1,2,BORGO VALSUGANA,TRENTO,TRENTINO ALTO ADIGE,46.0514,11.4587,AC221E00023,SET DISTRIBUZIONE,2025-12-31
Comunità energetica rinnovabile,COMUNITA' ENERGETICA PARTENERGY SOC. COOP. BENEFIT A R. L.,16.0,1,10,AVIANO,PORDENONE,FRIULI VENEZIA GIULIA,46.0517548,12.60342285,AC001E01589,e-distribuzione S.p.A.,2025-12-31
Comunità energetica rinnovabile,COMUNITA' ENERGETICA RINNOVABILE E SOLIDALE S. DOMENICO,24.0,4,10,UDINE,UDINE,FRIULI VENEZIA GIULIA,46.067422607945,13.209312368747,AC001E01008,e-distribuzione S.p.A.,2025-12-31
Comunità energetica rinnovabile,COMUNITA' ENERGETICA RINNOVABILE MONTE PIZZOCCO,65.6,2,71,BORGO VALBELLUNA,BELLUNO,VENETO,46.0714,12.1035,AC001E01594,e-distribuzione S.p.A.,2025-12-31
Comunità energetica rinnovabile,COMUNITÀ ENERGETICA RINNOVABILE EYCO SOCIETÀ COOPERATIVA,3.0,1,2,FRASSILONGO,TRENTO,TRENTINO ALTO ADIGE,46.072200125117,11.298335339547,AC221E00021,SET DISTRIBUZIONE,2025-12-31
Comunità energetica rinnovabile,CER43-911,4.25,1,2,MARTIGNACCO,UDINE,FRIULI VENEZIA GIULIA,46.0733,13.1825,AC001E01008,e-distribuzione S.p.A.,2025-12-31
Comunità energetica rinnovabile,ASSOCIAZIONE CER CAR,80.0,1,36,TRENTO,TRENTO,TRENTINO ALTO ADIGE,46.073803247918,11.135326098248,AC221E00019,SET DISTRIBUZIONE,2025-12-31
Comunità energetica rinnovabile,EUREKA CER SOCIETA' COOPERATIVA,4.0,1,3,CESIOMAGGIORE,BELLUNO,VENETO,46.0845,11.9846,AC001E01578,e-distribuzione S.p.A.,2025-12-31
Comunità energetica rinnovabile,COMUNITA' ENERGETICA PARTENERGY SOC. COOP. BENEFIT A R. L.,102.0,2,24,MOIMACCO,UDINE,FRIULI VENEZIA GIULIA,46.088330594864,13.38027000119,AC001E01009,e-distribuzione S.p.A.,2025-12-31
Comunità energetica rinnovabile,COMUNITÀ ENERGETICA RINNOVABILE EYCO SOCIETÀ COOPERATIVA,11.6,3,6,BASELGA DI PINE',TRENTO,TRENTINO ALTO ADIGE,46.100335533777,11.234155777485,AC221E00021,SET DISTRIBUZIONE,2025-12-31
Comunità energetica rinnovabile,COMUNITA' ENERGETICA ENPAL,3.7,1,2,TAVAGNACCO,UDINE,FRIULI VENEZIA GIULIA,46.1023,13.2347,AC001E01013,e-distribuzione S.p.A.,2025-12-31
Comunità energetica rinnovabile,COMUNITA' ENERGETICA PARTENERGY SOC. COOP. BENEFIT A R. L.,22.0,2,14,TAVAGNACCO,UDINE,FRIULI VENEZIA GIULIA,46.105049683761,13.229334556139,AC001E01013,e-distribuzione S.p.A.,2025-12-31
Comunità energetica rinnovabile,COMUNITÀ ENERGETICA RINNOVABILE EYCO SOCIETÀ COOPERATIVA,8.0,2,3,SANT'ORSOLA TERME,TRENTO,TRENTINO ALTO ADIGE,46.1082,11.3023,AC221E00021,SET DISTRIBUZIONE,2025-12-31
Comunità energetica rinnovabile,COMUNITÀ ENERGETICA RINNOVABILE EYCO SOCIETÀ COOPERATIVA,38.55,3,9,SANT'ORSOLA TERME,TRENTO,TRENTINO ALTO ADIGE,46.1087,11.3027,AC221E00021,SET DISTRIBUZIONE,2025-12-31
Comunità energetica rinnovabile,COMUNITA' DELL'IMPRENDITORIALITA' PER L'INNOVAZIONE SOCIALE,19.35,1,7,SEDICO,BELLUNO,VENETO,46.1095,12.1114,AC001E01594,e-distribuzione S.p.A.,2025-12-31
Comunità energetica rinnovabile,FONDAZIONE SOLERGIA C.E.R. E.T.S.,50.0,1,2,TRENTO,TRENTO,TRENTINO ALTO ADIGE,46.1218,11.1011,AC221E00018,SET DISTRIBUZIONE,2025-12-31
Comunità energetica rinnovabile,E-CER ITALIA ETS,12.0,2,2,POVOLETTO,UDINE,FRIULI VENEZIA GIULIA,46.13,13.3,AC001E01014,e-distribuzione S.p.A.,2025-12-31
Comunità energetica rinnovabile,COMUNITA' ENERGETICA RINNOVABILE RINNOCER,6.0,1,2,COLICO,LECCO,LOMBARDIA,46.133224906462,9.370814612774,AC001E01549,e-distribuzione S.p.A.,2025-12-31
Comunità energetica rinnovabile,ASSOCIAZIONE SOLARCITY ETS,9.0,1,2,MASERA,VERBANO-CUSIO-OSSOLA,PIEMONTE,46.1363,8.3239,AC001E01535,e-distribuzione S.p.A.,2025-12-31
Comunità energetica rinnovabile,COMUNITA' ENERGETICA PARTENERGY SOC. COOP. BENEFIT A R. L.,956.0,3,19,SPILIMBERGO,PORDENONE,FRIULI VENEZIA GIULIA,46.1409,12.8707,AC001E01011,e-distribuzione S.p.A.,2025-12-31
Comunità energetica rinnovabile,"COMUNITÀ ENERGETICA RINNOVABILE """"ZARGA""""",64.4,1,2,LAVIS,TRENTO,TRENTINO ALTO ADIGE,46.144486202926,11.095144427891,AC221E00018,SET DISTRIBUZIONE,2025-12-31
Comunità energetica rinnovabile,COMUNITÀ ENERGETICA RINNOVABILE VALTELLINA DI SONDRIO,23.0,4,96,CAIOLO,SONDRIO,LOMBARDIA,46.151,9.8172,AC001E01544,e-distribuzione S.p.A.,2025-12-31
Comunità energetica rinnovabile,COMUNITÀ ENERGETICA A DOLTRA,8.0,2,3,MEZZANO,TRENTO,TRENTINO ALTO ADIGE,46.1537,11.8148,AC014E00001,AZIENDA RETI ELETTRICHE SRL,2025-12-31
Comunità energetica rinnovabile,FONDAZIONE SOLERGIA C.E.R. E.T.S.,2.0,1,2,CANAL SAN BOVO,TRENTO,TRENTINO ALTO ADIGE,46.155326,11.73437,AC014E00002,AZIENDA RETI ELETTRICHE SRL,2025-12-31
Comunità energetica rinnovabile,E-CER ITALIA ETS,12.0,2,2,SEQUALS,PORDENONE,FRIULI VENEZIA GIULIA,46.15889,12.88719,AC001E01011,e-distribuzione S.p.A.,2025-12-31
Comunità energetica rinnovabile,COMUNITA' ENERGETICA PARTENERGY SOC. COOP. BENEFIT A R. L.,22.0,2,6,MANIAGO,PORDENONE,FRIULI VENEZIA GIULIA,46.161151146725,12.713174701529,AC001E01592,e-distribuzione S.p.A.,2025-12-31
Comunità energetica rinnovabile,COMUNITA' ENERGETICA ENPAL,6.0,1,2,TRESIVIO,SONDRIO,LOMBARDIA,46.180258154022,9.950109566539,AC001E01546,e-distribuzione S.p.A.,2025-12-31
Comunità energetica rinnovabile,COMUNITA' ENERGETICA RINNOVABILE POGGI RIDENTI,6.0,1,5,MONTAGNA IN VALTELLINA,SONDRIO,LOMBARDIA,46.187382555,9.92927626,AC001E01546,e-distribuzione S.p.A.,2025-12-31
Comunità energetica rinnovabile,COMUNITA' ENERGETICA ENPAL,6.0,1,2,BIANZONE,SONDRIO,LOMBARDIA,46.190049683764,10.110911517456,AC001E01521,e-distribuzione S.p.A.,2025-12-31
Comunità energetica rinnovabile,COMUNITA' ENERGETICA PARTENERGY SOC. COOP. BENEFIT A R. L.,46.0,2,6,TARCENTO,UDINE,FRIULI VENEZIA GIULIA,46.207678356541,13.187068116746,AC001E01014,e-distribuzione S.p.A.,2025-12-31
Comunità energetica rinnovabile,KONCERT SOCIETA' COOPERATIVA,634.0,6,83,MEZZOCORONA,TRENTO,TRENTINO ALTO ADIGE,46.207978113651,11.117422604522,AC083E00001,Azienda Intercomunale Rotaliana Spa - SB,2025-12-31
Comunità energetica rinnovabile,COMUNITA' ENERGIA RINNOVABILE MONNO,3.0,1,34,MONNO,BRESCIA,LOMBARDIA,46.2133,10.3394,AC001E01520,e-distribuzione S.p.A.,2025-12-31
Comunità energetica rinnovabile,COMUNITA' ENERGETICA ENPAL,6.0,1,2,MAGNANO IN RIVIERA,UDINE,FRIULI VENEZIA GIULIA,46.2282,13.1951,AC001E01015,e-distribuzione S.p.A.,2025-12-31
Comunità energetica rinnovabile,COMUNITÀ ENERGETICA RINNOVABILE EYCO SOCIETÀ COOPERATIVA,6.84,1,3,TEMU',BRESCIA,LOMBARDIA,46.2435,10.4713,AC001E01519,e-distribuzione S.p.A.,2025-12-31
Comunità energetica rinnovabile,COMUNITA' ENERGETICA PARTENERGY SOC. COOP. BENEFIT A R. L.,6.0,1,19,OSOPPO,UDINE,FRIULI VENEZIA GIULIA,46.2625,13.0954,AC001E01015,e-distribuzione S.p.A.,2025-12-31
Comunità energetica rinnovabile,COMUNITÀ ENERGETICA RINNOVABILE EYCO SOCIETÀ COOPERATIVA,3.0,1,2,CAPRIANA,TRENTO,TRENTINO ALTO ADIGE,46.2646,11.3387,AC221E00022,SET DISTRIBUZIONE,2025-12-31
Comunità energetica rinnovabile,COMUNITÀ ENERGETICA RINNOVABILE EYCO SOCIETÀ COOPERATIVA,4.0,1,2,EGNA - NEUMARKT,BOLZANO/BOZEN,TRENTINO ALTO ADIGE,46.275,11.2417,AC250E00122,EDYNA SRL,2025-12-31
Comunità energetica rinnovabile,COMUNITÀ ENERGETICA RINNOVABILE EYCO SOCIETÀ COOPERATIVA,7.6,2,5,PREDAIA,TRENTO,TRENTINO ALTO ADIGE,46.3054,11.0735,AC221E00010,SET DISTRIBUZIONE,2025-12-31
Comunità energetica rinnovabile,COMUNITA' ENERGETICA PARTENERGY SOC. COOP. BENEFIT A R. L.,50.0,1,2,TERMENO SULLA STRADA DEL VINO - TRAMIN AN DER WEINSTRASSE,BOLZANO/BOZEN,TRENTINO ALTO ADIGE,46.3463,11.2548,AC250E80109,EDYNA SRL,2025-12-31
Comunità energetica rinnovabile,COMUNITÀ ENERGETICA RINNOVABILE EYCO SOCIETÀ COOPERATIVA,6.0,1,4,PEIO,TRENTO,TRENTINO ALTO ADIGE,46.354050641974,10.692040444383,AC221E00004,SET DISTRIBUZIONE,2025-12-31
Comunità energetica rinnovabile,COMUNITÀ ENERGETICA RINNOVABILE EYCO SOCIETÀ COOPERATIVA,10.0,1,3,PEIO,TRENTO,TRENTINO ALTO ADIGE,46.3625,10.6882,AC221E00004,SET DISTRIBUZIONE,2025-12-31
Comunità energetica rinnovabile,COMUNITA' ENERGETICA ENPAL,6.0,1,2,VILLA SANTINA,UDINE,FRIULI VENEZIA GIULIA,46.414184788051,12.917808012883,AC001E01019,e-distribuzione S.p.A.,2025-12-31
Comunità energetica rinnovabile,NOS ENERGIA SOC. COOP.,6.0,1,3,NOVELLA,TRENTO,TRENTINO ALTO ADIGE,46.4236,11.0921,AC221E00010,SET DISTRIBUZIONE,2025-12-31
Comunità energetica rinnovabile,BIOENERGY EGGENTAL SRL,999.0,1,3,NOVA PONENTE - DEUTSCHNOFEN,BOLZANO/BOZEN,TRENTINO ALTO ADIGE,46.4256557,11.4792656,AC250E90125,EDYNA SRL,2025-12-31
Comunità energetica rinnovabile,COMUNITÀ ENERGETICA RINNOVABILE EYCO SOCIETÀ COOPERATIVA,4.0,1,2,PIEVE DI CADORE,BELLUNO,VENETO,46.4265,12.3693,AC001E01602,e-distribuzione S.p.A.,2025-12-31
Comunità energetica rinnovabile,COMUNITA' ENERGETICA PARTENERGY SOC. COOP. BENEFIT A R. L.,500.0,1,120,TARVISIO,UDINE,FRIULI VENEZIA GIULIA,46.4763,13.6676,AC001E01020,e-distribuzione S.p.A.,2025-12-31
Comunità energetica rinnovabile,COMUNITA' ENERGETICA SAN GENESIOPLUS SOCIETA' COOPERATIVA,6.0,1,6,SAN GENESIO ATESINO - JENESIEN,BOLZANO/BOZEN,TRENTINO ALTO ADIGE,46.533853098067,11.326881838649,AC250E90130,EDYNA SRL,2025-12-31
Comunità energetica rinnovabile,"COMUNITA' ENERGETICA SARENTINO SOCIETA' COOPERATIVA, IN BREVE ""CER SARENTINO""",20.0,1,6,RENON - RITTEN,BOLZANO/BOZEN,TRENTINO ALTO ADIGE,46.5469,11.439,AC250E90125,EDYNA SRL,2025-12-31
Comunità energetica rinnovabile,COMUNITÀ ENERGETICA RINNOVABILE EVI COOPERATIVA,140.0,2,7,MARTELLO - MARTELL,BOLZANO/BOZEN,TRENTINO ALTO ADIGE,46.5561,10.7802,AC250E80135,EDYNA SRL,2025-12-31
Comunità energetica rinnovabile,COMUNITA' ENERGETICA PARTENERGY SOC. COOP. BENEFIT A R. L.,36.0,1,19,SANTA CRISTINA VALGARDENA - ST. CHRISTINA IN GROEDEN,BOLZANO/BOZEN,TRENTINO ALTO ADIGE,46.5648,11.6954,AC250E80119,EDYNA SRL,2025-12-31
Comunità energetica rinnovabile,COMUNITÀ ENERGETICA RINNOVABILE EYCO SOCIETÀ COOPERATIVA,4.6,1,2,GARGAZZONE - GARGAZON,BOLZANO/BOZEN,TRENTINO ALTO ADIGE,46.5858,11.1999,AC250E96232,EDYNA SRL,2025-12-31
Comunità energetica rinnovabile,"COMUNITA' ENERGETICA PONTIVES SOCIETA' COOPERATIVA, IN BREVE ""CER PONTIVES""",5.04,1,2,LAION - LAJEN,BOLZANO/BOZEN,TRENTINO ALTO ADIGE,46.6068,11.6038,AC250E80119,EDYNA SRL,2025-12-31
Comunità energetica rinnovabile,COMUNITÀ ENERGETICA RINNOVABILE EYCO SOCIETÀ COOPERATIVA,6.0,1,2,LANA - LANA,BOLZANO/BOZEN,TRENTINO ALTO ADIGE,46.618441923809,11.156763150895,AC250E96221,EDYNA SRL,2025-12-31
Comunità energetica rinnovabile,COMUNITÀ ENERGETICA RINNOVABILE EVI COOPERATIVA,100.0,1,1,MALLES VENOSTA - MALS,BOLZANO/BOZEN,TRENTINO ALTO ADIGE,46.6798,10.5333,AC250E80117,EDYNA SRL,2025-12-31
Comunità energetica rinnovabile,SONNENGEMEINSCHAFT,14.04,2,2,PARCINES - PARTSCHINS,BOLZANO/BOZEN,TRENTINO ALTO ADIGE,46.683,11.0697,AC250E96216,EDYNA SRL,2025-12-31
Comunità energetica rinnovabile,"COMUNITA' ENERGETICA SARENTINO SOCIETA' COOPERATIVA, IN BREVE ""CER SARENTINO""",58.0,3,61,SARENTINO - SARNTAL,BOLZANO/BOZEN,TRENTINO ALTO ADIGE,46.68733613877,11.440085308366,AC250E90131,EDYNA SRL,2025-12-31
Comunità energetica rinnovabile,COMUNITÀ ENERGETICA RINNOVABILE ISARCUS SOC. COOPERATIVA,11.74,2,3,BRESSANONE - BRIXEN,BOLZANO/BOZEN,TRENTINO ALTO ADIGE,46.700165228313,11.649381682113,AC007E00001,ASM Bressanone S.p.A.,2025-12-31
Comunità energetica rinnovabile,GREEN EC CONSORZIO,8.98,1,2,BRESSANONE - BRIXEN,BOLZANO/BOZEN,TRENTINO ALTO ADIGE,46.7017,11.6503,AC007E00001,ASM Bressanone S.p.A.,2025-12-31
Comunità energetica rinnovabile,COMUNITÀ ENERGETICA RINNOVABILE ISARCUS SOC. COOPERATIVA,10.0,1,2,NAZ-SCIAVES - NATZ-SCHABS,BOLZANO/BOZEN,TRENTINO ALTO ADIGE,46.767,11.653,AC007E00002,ASM Bressanone S.p.A.,2025-12-31
Comunità energetica rinnovabile,COMUNITÀ ENERGETICA RINNOVABILE SUEDTIROL ALTO ADIGE SOC. COOP.,100.0,1,1,TERENTO - TERENTEN,BOLZANO/BOZEN,TRENTINO ALTO ADIGE,46.829107649079,11.786409873416,AC250E80127,EDYNA SRL,2025-12-31
Comunità energetica rinnovabile,COMUNITÀ ENERGETICA RINNOVABILE VALLE TURES AURINA COOPERATIVA,993.43,10,121,CAMPO TURES - SAND IN TAUFERS,BOLZANO/BOZEN,TRENTINO ALTO ADIGE,46.918,11.9615,AC042E00001,Società Cooperativa Elettrica di Distribuzione Campo Tures,2025-12-31
Comunità energetica rinnovabile,COMUNITÀ ENERGETICA RINNOVABILE VALLE TURES AURINA COOPERATIVA,300.0,2,19,VALLE AURINA - AHRNTAL,BOLZANO/BOZEN,TRENTINO ALTO ADIGE,46.978787317396,11.943893177409,AC250E80126,EDYNA SRL,2025-12-31
